source,target,weight
A5011550028,A5059943716,51
A5011550028,A5047492027,48
A5034546401,A5042124823,44
A5042124823,A5073459961,39
A5034546401,A5073459961,38
A5047492027,A5059943716,38
A5083299566,A5085295667,37
A5021084634,A5035016214,33
A5017902432,A5034546401,29
A5026069948,A5073340466,29
A5028230309,A5029426031,27
A5040505246,A5071622505,26
A5083299566,A5103240830,26
A5004740474,A5006018293,25
A5017902432,A5042124823,24
A5036918477,A5083299566,23
A5031645938,A5061332210,23
A5006018293,A5010116918,23
A5006018293,A5089198938,23
A5026069948,A5053806736,22
A5004862081,A5013127587,20
A5017902432,A5073459961,20
A5004009482,A5071692542,20
A5036918477,A5085295667,20
A5031115092,A5084919011,20
A5044457466,A5085088183,20
A5057794736,A5066416631,20
A5009833460,A5012880528,19
A5033145374,A5062772406,19
A5031645938,A5067773694,19
A5083299566,A5084046631,18
A5022094259,A5031645938,18
A5034004789,A5078715828,18
A5026069948,A5047492027,18
A5018453135,A5083299566,18
A5004862081,A5069355721,17
A5064941202,A5086956726,17
A5019483161,A5083299566,17
A5061332210,A5067773694,17
A5040311489,A5041067749,17
A5044457466,A5051420539,17
A5031115092,A5089607531,17
A5078715828,A5088883540,16
A5034546401,A5090082232,16
A5029426031,A5042785180,16
A5038515945,A5064106068,16
A5002738243,A5083299566,16
A5004862081,A5017630451,16
A5029418432,A5090217025,15
A5006018293,A5040160298,15
A5022094259,A5061332210,15
A5006018293,A5063653524,15
A5010183979,A5108783705,15
A5040311489,A5063146616,15
A5014041682,A5026069948,14
A5008448161,A5102326824,14
A5029418432,A5063146616,14
A5022094259,A5067773694,14
A5011550028,A5026069948,14
A5034546401,A5086618908,14
A5034546401,A5053758884,14
A5026069948,A5076825406,14
A5056637194,A5078715828,14
A5085295667,A5103240830,14
A5034004789,A5056637194,14
A5017630451,A5026933239,14
A5023407702,A5029418432,14
A5019003378,A5033249173,14
A5019005107,A5086919974,14
A5047891913,A5066416631,14
A5027555713,A5086956726,14
A5049425830,A5064941202,13
A5023159609,A5051420539,13
A5009833460,A5081316231,13
A5019005107,A5081763579,13
A5027555713,A5064941202,13
A5006248832,A5061332210,13
A5026069948,A5062772406,13
A5033249173,A5037183129,13
A5006248832,A5022094259,13
A5006248832,A5031645938,13
A5069355721,A5078715828,13
A5034546401,A5035354513,12
A5033327204,A5065661527,12
A5036918477,A5103240830,12
A5068261748,A5081059658,12
A5013477317,A5059943716,12
A5004159752,A5034546401,12
A5023407702,A5090217025,12
A5022094259,A5073589897,12
A5006248832,A5067773694,12
A5061332210,A5073589897,12
A5024595723,A5064941202,12
A5000313996,A5085295667,12
A5017630451,A5073459961,12
A5026933239,A5073459961,12
A5036669625,A5090355343,12
A5031645938,A5073589897,12
A5004862081,A5005563143,11
A5011550028,A5013477317,11
A5011550028,A5084261893,11
A5062293457,A5090217025,11
A5029418432,A5062293457,11
A5028230309,A5042785180,11
A5000447662,A5050906628,11
A5084919011,A5089607531,11
A5004862081,A5112102237,11
A5013127587,A5112102237,11
A5018453135,A5053715739,11
A5082349810,A5088473882,11
A5044457466,A5081103870,11
A5081103870,A5085088183,11
A5026933239,A5046957652,11
A5004862081,A5029426031,11
A5000779424,A5031115092,11
A5069527837,A5082874697,11
A5021084634,A5100706111,11
A5010183979,A5080812083,11
A5067773694,A5073589897,11
A5006248832,A5073589897,11
A5006018293,A5021432908,11
A5012167882,A5077930721,10
A5023330740,A5029418432,10
A5080812083,A5108783705,10
A5062293457,A5063146616,10
A5057794736,A5090217025,10
A5081763579,A5086919974,10
A5004862081,A5021084634,10
A5003957478,A5043763784,10
A5053806736,A5073340466,10
A5019483161,A5084046631,10
A5011461598,A5086372724,10
A5059943716,A5089497182,10
A5000140197,A5103162617,10
A5068119494,A5073340466,10
A5009952690,A5014832940,10
A5034404865,A5059766483,10
A5004159752,A5073459961,10
A5057726299,A5090355343,10
A5013516547,A5025365913,10
A5011461598,A5060681090,10
A5014832940,A5082408767,10
A5047492027,A5084261893,10
A5019483161,A5103240830,10
A5080429945,A5080612617,10
A5052029845,A5081059658,10
A5062772406,A5073340466,10
A5047492027,A5070805634,10
A5021084634,A5069355721,10
A5026094667,A5057794736,10
A5009465064,A5088473882,10
A5023159609,A5044457466,10
A5048740404,A5069527837,9
A5048740404,A5082874697,9
A5023245057,A5040733225,9
A5035354513,A5073459961,9
A5007526868,A5012338780,9
A5002738243,A5084046631,9
A5044457466,A5082141067,9
A5000779424,A5089607531,9
A5049425830,A5086956726,9
A5005563143,A5009602251,9
A5060681090,A5086372724,9
A5014080263,A5083299566,9
A5023245057,A5091241482,9
A5002738243,A5103240830,9
A5026094667,A5066416631,9
A5035354513,A5042124823,9
A5022094259,A5092703108,9
A5023407702,A5062293457,9
A5031645938,A5092703108,9
A5061332210,A5092703108,9
A5035016214,A5100706111,9
A5026069948,A5088779191,9
A5021084634,A5078715828,9
A5000447662,A5101875393,9
A5049491698,A5066485762,9
A5044306408,A5057794736,9
A5009833460,A5030239070,9
A5077785532,A5082874697,9
A5006018293,A5031083728,9
A5024595723,A5086956726,9
A5063146616,A5090217025,9
A5004740474,A5089198938,9
A5004862081,A5009602251,9
A5031115092,A5089671786,9
A5031645938,A5047867624,8
A5047867624,A5061332210,8
A5084046631,A5103240830,8
A5010183979,A5018176357,8
A5012880528,A5081316231,8
A5017630451,A5027626183,8
A5018985591,A5081006847,8
A5017630451,A5086618908,8
A5046865734,A5069164387,8
A5059766483,A5086174312,8
A5036669625,A5078794332,8
A5036669625,A5057726299,8
A5046064974,A5046957652,8
A5040528731,A5070858004,8
A5053606885,A5064941202,8
A5052783073,A5069175255,8
A5047867624,A5092703108,8
A5067773694,A5092703108,8
A5018194110,A5040528731,8
A5022094259,A5047867624,8
A5027555713,A5049425830,8
A5018176357,A5108783705,8
A5028230309,A5062150823,8
A5046957652,A5073459961,8
A5006248832,A5092703108,8
A5052886178,A5073632742,8
A5005261529,A5040311489,8
A5026933239,A5070440861,8
A5021084634,A5079562060,8
A5034546401,A5044342349,8
A5058031189,A5073646181,8
A5023330740,A5063146616,8
A5026933239,A5093995975,8
A5020433080,A5089287618,8
A5089607531,A5089671786,8
A5005261529,A5041067749,8
A5071243914,A5090349730,8
A5084919011,A5089671786,8
A5021939980,A5083299566,8
A5011550028,A5070805634,8
A5000140197,A5079357080,8
A5079357080,A5103162617,8
A5040686723,A5085295667,8
A5040311489,A5071243914,8
A5069527837,A5077785532,8
A5048740404,A5077785532,8
A5004862081,A5086618908,8
A5062408098,A5069355721,8
A5032857473,A5041030590,8
A5000583133,A5019005107,8
A5026147008,A5031793915,8
A5005563143,A5017630451,8
A5066416631,A5090217025,8
A5021432908,A5089198938,8
A5018453135,A5103240830,7
A5019099070,A5082349810,7
A5014041682,A5088779191,7
A5014041682,A5076825406,7
A5040733225,A5091241482,7
A5027626183,A5086618908,7
A5034546401,A5048183348,7
A5033249173,A5051316283,7
A5001955135,A5082874697,7
A5055912992,A5077785532,7
A5055912992,A5069527837,7
A5031034508,A5066416631,7
A5017063496,A5080612617,7
A5023159609,A5102799552,7
A5042841296,A5066416631,7
A5055912992,A5082874697,7
A5017049663,A5047946795,7
A5024595723,A5027555713,7
A5009833460,A5025706787,7
A5048740404,A5055912992,7
A5001955135,A5077785532,7
A5046957652,A5070440861,7
A5023330740,A5062293457,7
A5051420539,A5102799552,7
A5078794332,A5090355343,7
A5037183129,A5079740403,7
A5026933239,A5042124823,7
A5012880528,A5025706787,7
A5009952690,A5082408767,7
A5001313271,A5028246703,7
A5002738243,A5019483161,7
A5014041682,A5073340466,7
A5004159752,A5017902432,7
A5025923074,A5026069948,7
A5026069948,A5084261893,7
A5059943716,A5070805634,7
A5001955135,A5069527837,7
A5001955135,A5055912992,7
A5001955135,A5048740404,7
A5010423483,A5021817826,7
A5008432889,A5080429945,7
A5006890968,A5053053156,7
A5047867624,A5073589897,7
A5023330740,A5090217025,7
A5006004211,A5109207169,7
A5023407702,A5063146616,7
A5006004211,A5028350394,7
A5053606885,A5086956726,7
A5023072071,A5047492027,7
A5023330740,A5023407702,7
A5011550028,A5023072071,7
A5059766483,A5080614926,7
A5040875367,A5045334540,7
A5004862081,A5028230309,7
A5004862081,A5009743546,7
A5021084634,A5029426031,7
A5015534336,A5021084634,7
A5047867624,A5067773694,7
A5000313996,A5040686723,7
A5016686841,A5059532796,7
A5024595723,A5049425830,7
A5027555713,A5053606885,7
A5084046631,A5085295667,7
A5002793178,A5073459961,7
A5006248832,A5047867624,7
A5026069948,A5059943716,7
A5073589897,A5092703108,7
A5005701860,A5047492027,7
A5009602251,A5017630451,7
A5005701860,A5011550028,7
A5012167882,A5106821649,7
A5051208730,A5078715828,6
A5065661527,A5085502627,6
A5033327204,A5085502627,6
A5020683087,A5071692542,6
A5016863698,A5053758884,6
A5035468453,A5067165664,6
A5023159609,A5103630333,6
A5035753099,A5059943716,6
A5029168958,A5080429945,6
A5000631347,A5057794736,6
A5033222070,A5086956726,6
A5033222070,A5064941202,6
A5005563143,A5086618908,6
A5025590719,A5076768075,6
A5025590719,A5081110597,6
A5085290806,A5093371558,6
A5004009482,A5020683087,6
A5013516547,A5066981828,6
A5015529806,A5052288164,6
A5053715739,A5083299566,6
A5035802374,A5073654003,6
A5085951867,A5090433651,6
A5006018293,A5061172959,6
A5041749289,A5067165664,6
A5006018293,A5062440673,6
A5000447662,A5023013232,6
A5010183979,A5050539081,6
A5004159752,A5042124823,6
A5025923074,A5076825406,6
A5017630451,A5087522441,6
A5004127329,A5031115092,6
A5050539081,A5108783705,6
A5014041682,A5025923074,6
A5038273643,A5086600726,6
A5064941202,A5090082232,6
A5026069948,A5041918031,6
A5023358975,A5046865734,6
A5036472135,A5053758884,6
A5017630451,A5046957652,6
A5040311489,A5101554684,6
A5017630451,A5093995975,6
A5004862081,A5042785180,6
A5006018293,A5102927308,6
A5018176357,A5080812083,6
A5018453135,A5019483161,6
A5000313996,A5098776137,6
A5085295667,A5098776137,6
A5047492027,A5078024597,6
A5078024597,A5090217025,6
A5014358402,A5026069948,6
A5033249173,A5076157386,6
A5089287618,A5104830855,6
A5057726299,A5078794332,6
A5068837175,A5071243914,6
A5086956726,A5089376126,6
A5064941202,A5089376126,6
A5006018293,A5113941756,6
A5006018293,A5057963158,6
A5000779424,A5089671786,6
A5000779424,A5084919011,6
A5051208730,A5053053156,6
A5052886178,A5057378918,6
A5069166021,A5101576007,6
A5013892483,A5026251209,6
A5018874175,A5071188883,6
A5062789321,A5085295667,6
A5019241312,A5066485762,6
A5019835850,A5046809062,6
A5040311489,A5085108241,6
A5024595723,A5053606885,6
A5019263447,A5028427474,6
A5021075384,A5066416631,6
A5014832940,A5039232943,6
A5012167882,A5012857222,6
A5019304722,A5083299566,6
A5073459961,A5090082232,6
A5075856345,A5086956726,6
A5031645938,A5033145374,6
A5029418432,A5040311489,6
A5041658386,A5047150116,6
A5044306408,A5090217025,6
A5083997692,A5091488919,6
A5034144507,A5038515551,6
A5017902432,A5038224687,6
A5011550028,A5027025696,6
A5027025696,A5047492027,6
A5027025696,A5059943716,6
A5044457466,A5073752100,6
A5018311810,A5091488919,6
A5023358975,A5069164387,6
A5038115887,A5069355721,6
A5040875367,A5103089891,6
A5031034508,A5050177003,6
A5042841296,A5057794736,6
A5002738243,A5085295667,6
A5017902432,A5035354513,6
A5006018293,A5077156163,6
A5000631347,A5066416631,5
A5000631347,A5026094667,5
A5018529879,A5031034508,5
A5042124823,A5048183348,5
A5005147545,A5025906348,5
A5023358975,A5083997692,5
A5023358975,A5080823565,5
A5033853118,A5063146616,5
A5033853118,A5040311489,5
A5067142114,A5081316231,5
A5076768075,A5081110597,5
A5010116918,A5077156163,5
A5053758884,A5073459961,5
A5049425830,A5053606885,5
A5033222070,A5053606885,5
A5000583133,A5086919974,5
A5000583133,A5081763579,5
A5006386816,A5021084634,5
A5004862081,A5100706111,5
A5004862081,A5035016214,5
A5021939980,A5059766483,5
A5009743546,A5029426031,5
A5009743546,A5028230309,5
A5012880528,A5030239070,5
A5005410561,A5086919974,5
A5005410561,A5081763579,5
A5005410561,A5019005107,5
A5018311810,A5083997692,5
A5008569251,A5086956726,5
A5051542675,A5106821649,5
A5080429945,A5090467867,5
A5038145057,A5085295667,5
A5053758884,A5084965753,5
A5028689525,A5057959785,5
A5040311489,A5066485762,5
A5009743546,A5069355721,5
A5045334540,A5103089891,5
A5027555713,A5033222070,5
A5024595723,A5033222070,5
A5029610502,A5047946795,5
A5012167882,A5081091578,5
A5069355721,A5085204710,5
A5040311489,A5062293457,5
A5047231854,A5066485762,5
A5014080263,A5084046631,5
A5002738243,A5014080263,5
A5017630451,A5042124823,5
A5005210595,A5052288164,5
A5005784739,A5012777963,5
A5047492027,A5089095849,5
A5012857222,A5106821649,5
A5012857222,A5051542675,5
A5012167882,A5051542675,5
A5010183979,A5089538603,5
A5006018293,A5110847904,5
A5029426031,A5084786224,5
A5028230309,A5084786224,5
A5074661465,A5081103870,5
A5044457466,A5074661465,5
A5062150823,A5085295667,5
A5042124823,A5090082232,5
A5013034513,A5090355343,5
A5041030590,A5092580952,5
A5025590719,A5045248167,5
A5026069948,A5031840874,5
A5031278564,A5103537045,5
A5015026980,A5073186665,5
A5073186665,A5075134588,5
A5025706787,A5081316231,5
A5033145374,A5073340466,5
A5004862081,A5061210584,5
A5091552283,A5092176152,5
A5070720376,A5090467867,5
A5057378918,A5090467867,5
A5037442851,A5041067749,5
A5037442851,A5040311489,5
A5005261529,A5037442851,5
A5012441298,A5073632742,5
A5069897245,A5081448412,5
A5003957478,A5028972310,5
A5029426031,A5072874626,5
A5012441298,A5052886178,5
A5020433080,A5104830855,5
A5090355343,A5101995849,5
A5078794332,A5101995849,5
A5036669625,A5101995849,5
A5073340466,A5076825406,5
A5006018293,A5041857504,5
A5000133594,A5036070326,5
A5027555713,A5089376126,5
A5047214809,A5075448329,5
A5062440673,A5063653524,5
A5005866252,A5075448329,5
A5005866252,A5047214809,5
A5041030590,A5059766483,5
A5031645938,A5115060530,5
A5022094259,A5115060530,5
A5092703108,A5115060530,5
A5073589897,A5115060530,5
A5067773694,A5115060530,5
A5061332210,A5115060530,5
A5047867624,A5115060530,5
A5066485762,A5110607449,5
A5065084679,A5073340466,5
A5033249173,A5047946795,5
A5043630425,A5069355721,5
A5059943716,A5064340404,5
A5017255643,A5044457466,5
A5017255643,A5023159609,5
A5044747777,A5070067415,5
A5031884521,A5085295667,5
A5013933547,A5075448329,5
A5044457466,A5106984267,5
A5044457466,A5102799552,5
A5013221381,A5017630451,5
A5066485762,A5081208249,5
A5049491698,A5110607449,5
A5049491698,A5081208249,5
A5012146630,A5075387597,5
A5009602251,A5086618908,5
A5005018486,A5031278564,5
A5017049663,A5033249173,5
A5062781019,A5067165664,5
A5025923074,A5088779191,5
A5026069948,A5070067415,5
A5053806736,A5076825406,5
A5023029871,A5031645938,5
A5004127329,A5084919011,5
A5000313996,A5083299566,5
A5023072071,A5026069948,5
A5037702563,A5078715828,5
A5004862081,A5009640284,5
A5028778824,A5071243914,5
A5069355721,A5086544103,5
A5030239070,A5081316231,5
A5014358402,A5062772406,5
A5019268379,A5046064974,5
A5007814949,A5020674036,5
A5036533532,A5064879374,5
A5045887823,A5088883540,5
A5023087125,A5059532796,5
A5042124823,A5053758884,5
A5005210595,A5028350394,5
A5017255643,A5051420539,5
A5051420539,A5106984267,5
A5012880528,A5067142114,5
A5009833460,A5067142114,5
A5073414335,A5090433651,5
A5062772406,A5063856302,5
A5033145374,A5063856302,5
A5026069948,A5079444680,5
A5068261748,A5085290806,5
A5026069948,A5085290806,5
A5031645938,A5062772406,5
A5064941202,A5075856345,5
A5037702563,A5088883540,5
A5040528731,A5103256242,5
A5006018293,A5055268601,5
A5018194110,A5070858004,5
A5028427474,A5036482161,5
A5066416631,A5074861291,5
A5057794736,A5074861291,5
A5001410866,A5010183979,5
A5011002928,A5049368053,5
A5013221381,A5055969351,5
A5004740474,A5040160298,5
A5047231854,A5049491698,5
A5034546401,A5036472135,5
A5017902432,A5048183348,5
A5030801010,A5033249173,5
A5028350394,A5052288164,5
A5006004211,A5052288164,5
A5035753099,A5052658985,5
A5016808471,A5031034508,5
A5021939980,A5041030590,5
A5002738243,A5018453135,5
A5024245137,A5041030590,5
A5019005107,A5055250831,5
A5016740299,A5070023661,5
A5044306408,A5066416631,5
A5005815259,A5057222899,5
A5076825406,A5088779191,5
A5026094667,A5090217025,5
A5033327204,A5081477004,4
A5005638468,A5007704084,4
A5026094667,A5044306408,4
A5015529806,A5055907928,4
A5026094667,A5042841296,4
A5017063496,A5080429945,4
A5069164387,A5083997692,4
A5056751208,A5082656944,4
A5027842064,A5033327204,4
A5029418432,A5078024597,4
A5004862081,A5027626183,4
A5006018293,A5042175055,4
A5002559612,A5041930431,4
A5044342349,A5073459961,4
A5004159752,A5044342349,4
A5027626183,A5055969351,4
A5005563143,A5006453990,4
A5029418432,A5080208398,4
A5075387597,A5101995849,4
A5012146630,A5101995849,4
A5021084634,A5044285047,4
A5033853118,A5062293457,4
A5038318396,A5064398557,4
A5053806736,A5068119494,4
A5063002184,A5101576007,4
A5028281007,A5089287618,4
A5066416631,A5069166021,4
A5063146616,A5080208398,4
A5014080263,A5085295667,4
A5040160298,A5064264542,4
A5019241312,A5113953148,4
A5012777963,A5030108678,4
A5034092934,A5042175055,4
A5005210595,A5038133457,4
A5075283486,A5078715828,4
A5005784739,A5030108678,4
A5020433080,A5055250831,4
A5057726299,A5101995849,4
A5075134588,A5090467867,4
A5019003378,A5076157386,4
A5005210595,A5006004211,4
A5062772406,A5068119494,4
A5114496071,A5129170585,4
A5038133457,A5052288164,4
A5040933029,A5090433651,4
A5016011483,A5020433080,4
A5010142828,A5089607531,4
A5010142828,A5031115092,4
A5047231854,A5081208249,4
A5036472135,A5048183348,4
A5026094667,A5074861291,4
A5033786548,A5064106068,4
A5033786548,A5038515945,4
A5012880528,A5111126107,4
A5009833460,A5111126107,4
A5040686723,A5098776137,4
A5007586891,A5047492027,4
A5028350394,A5038133457,4
A5006004211,A5062865348,4
A5006004211,A5038133457,4
A5030801010,A5051316283,4
A5019003378,A5051316283,4
A5063856302,A5068119494,4
A5006018293,A5086812162,4
A5005866252,A5053781215,4
A5073340466,A5079444680,4
A5021084634,A5058041943,4
A5009374065,A5026069948,4
A5026069948,A5086332748,4
A5021012063,A5041857504,4
A5005701860,A5059943716,4
A5026069948,A5063856302,4
A5026069948,A5033145374,4
A5033145374,A5061332210,4
A5075856345,A5089538603,4
A5004740474,A5021432908,4
A5017630451,A5027608507,4
A5017630451,A5027850066,4
A5010183979,A5058041943,4
A5034144507,A5077906044,4
A5033249173,A5069056768,4
A5019483161,A5036918477,4
A5002738243,A5036918477,4
A5057264145,A5090217025,4
A5057264145,A5066416631,4
A5063856302,A5086332748,4
A5021939980,A5085295667,4
A5021939980,A5031884521,4
A5041918031,A5073340466,4
A5020240131,A5026094667,4
A5002559612,A5086316862,4
A5062419209,A5066310608,4
A5057264145,A5057794736,4
A5006018293,A5038921191,4
A5048740404,A5102450306,4
A5001955135,A5102450306,4
A5023072071,A5084261893,4
A5047492027,A5057056085,4
A5009640284,A5013127587,4
A5082874697,A5102450306,4
A5077785532,A5102450306,4
A5069527837,A5102450306,4
A5055912992,A5102450306,4
A5026069948,A5070805634,4
A5035016214,A5069355721,4
A5045248167,A5048531108,4
A5036482161,A5038273643,4
A5063002184,A5076768075,4
A5045297408,A5063002184,4
A5050431373,A5086956726,4
A5040686723,A5083299566,4
A5011002928,A5111894635,4
A5020522702,A5047492027,4
A5013221381,A5087522441,4
A5048825339,A5053758884,4
A5047214809,A5053178632,4
A5041857504,A5063653524,4
A5027555713,A5065492801,4
A5013933547,A5047214809,4
A5005866252,A5013933547,4
A5041030590,A5042037210,4
A5018453135,A5019304722,4
A5034144507,A5045607140,4
A5071692542,A5103271031,4
A5007422831,A5047492027,4
A5007422831,A5026069948,4
A5020683087,A5103271031,4
A5004009482,A5103271031,4
A5051420539,A5103630333,4
A5063544173,A5085290806,4
A5069355721,A5086489474,4
A5050431373,A5064941202,4
A5037542712,A5086956726,4
A5037542712,A5064941202,4
A5027555713,A5050431373,4
A5070440861,A5091000782,4
A5065492801,A5086956726,4
A5064941202,A5065492801,4
A5031686943,A5034680352,4
A5066310608,A5076265511,4
A5075448329,A5082109754,4
A5040311489,A5126670435,4
A5067174744,A5081110033,4
A5006248832,A5115060530,4
A5073459961,A5090217025,4
A5002180149,A5069355721,4
A5053781215,A5091446332,4
A5041930431,A5103237044,4
A5021084634,A5072874626,4
A5000585747,A5065113204,4
A5012338780,A5016640982,4
A5004127329,A5089607531,4
A5011550028,A5084490550,4
A5050539081,A5086956726,4
A5027555713,A5108783705,4
A5010183979,A5086956726,4
A5010183979,A5027555713,4
A5024874582,A5069355721,4
A5081208249,A5110607449,4
A5033249173,A5085282432,4
A5086956726,A5108783705,4
A5004740474,A5010116918,4
A5006004211,A5086353392,4
A5059943716,A5074352069,4
A5025706787,A5067142114,4
A5026933239,A5046064974,4
A5004127329,A5089671786,4
A5059943716,A5084490550,4
A5026069948,A5054254526,4
A5012167882,A5012611687,4
A5062164415,A5069897245,4
A5013463278,A5063653524,4
A5002178779,A5031034508,4
A5073340466,A5088779191,4
A5025923074,A5073340466,4
A5019402069,A5069355721,4
A5050439313,A5069355721,4
A5024595723,A5060108861,4
A5028689525,A5108003570,4
A5062293457,A5078024597,4
A5047492027,A5090217025,4
A5045248167,A5081110597,4
A5045248167,A5076768075,4
A5012611687,A5106821649,4
A5027555713,A5037542712,4
A5068596775,A5103162617,4
A5008432889,A5058743137,4
A5015534336,A5035016214,4
A5042785180,A5084786224,4
A5074661465,A5085088183,4
A5047492027,A5074352069,4
A5011550028,A5074352069,4
A5049425830,A5090082232,4
A5024595723,A5090082232,4
A5031840874,A5070067415,4
A5031840874,A5054254526,4
A5069355721,A5088883540,4
A5059943716,A5104054781,4
A5059943716,A5089095849,4
A5047492027,A5088416096,4
A5011550028,A5088416096,4
A5028230309,A5085295667,4
A5058743137,A5080429945,4
A5025126709,A5103142207,4
A5053806736,A5091552283,4
A5022627944,A5047214809,4
A5083299566,A5090368883,4
A5017049663,A5029610502,4
A5020191664,A5027255666,4
A5025590719,A5063002184,4
A5010183979,A5064941202,4
A5004862081,A5018453135,4
A5081091578,A5106821649,4
A5031115092,A5036957578,4
A5006890968,A5031115092,4
A5025590719,A5048531108,4
A5081091578,A5090911532,4
A5012167882,A5090911532,4
A5026069948,A5101517139,4
A5009587082,A5034092934,4
A5048694353,A5085290806,4
A5066485762,A5085108241,4
A5048694353,A5079955090,4
A5004862081,A5086544103,4
A5057313578,A5085290806,4
A5080614926,A5086174312,4
A5083299566,A5098776137,4
A5028031154,A5047492027,4
A5011550028,A5028031154,4
A5063856302,A5073340466,4
A5047492027,A5104054781,4
A5013034513,A5101995849,4
A5013034513,A5036669625,4
A5000520204,A5090355343,4
A5045887823,A5078715828,4
A5028031154,A5059943716,4
A5033222070,A5049425830,4
A5052886178,A5090467867,4
A5021084634,A5077168763,4
A5017630451,A5034546401,4
A5011550028,A5104054781,4
A5011550028,A5089095849,4
A5006386816,A5035016214,4
A5000583133,A5005410561,4
A5052288164,A5055907928,4
A5037542712,A5065492801,4
A5065492801,A5090082232,4
A5004649569,A5028317376,4
A5012668377,A5055907928,4
A5012668377,A5052288164,4
A5012668377,A5015529806,4
A5033249173,A5102756411,4
A5071692542,A5093557178,4
A5013516547,A5060254770,4
A5026251209,A5081391162,4
A5026107537,A5026251209,4
A5004009482,A5093557178,4
A5026094667,A5057264145,3
A5027626183,A5029418432,3
A5004862081,A5080612617,3
A5004862081,A5080429945,3
A5000140197,A5082162766,3
A5000140197,A5047197688,3
A5089538603,A5093061409,3
A5058041943,A5093061409,3
A5046865734,A5080823565,3
A5065661527,A5081477004,3
A5007586891,A5062772406,3
A5066981828,A5082874697,3
A5039088323,A5082656944,3
A5004862081,A5034546401,3
A5031628312,A5080086413,3
A5019263447,A5036482161,3
A5090433651,A5101549026,3
A5048255450,A5101549026,3
A5048255450,A5090433651,3
A5031793915,A5069223568,3
A5031793915,A5066214932,3
A5000520204,A5036669625,3
A5044457466,A5083001525,3
A5005048873,A5008448161,3
A5026744201,A5106821649,3
A5026744201,A5051542675,3
A5038318396,A5047197688,3
A5066416631,A5093061408,3
A5031034508,A5093061408,3
A5037542712,A5078331078,3
A5037542712,A5075856345,3
A5034546401,A5078331078,3
A5004862081,A5012777963,3
A5066310608,A5091211661,3
A5029426031,A5035016214,3
A5021084634,A5042785180,3
A5061360842,A5085290806,3
A5010183979,A5018311810,3
A5011550028,A5035753099,3
A5034404865,A5041030590,3
A5035016214,A5078715828,3
A5027626183,A5034546401,3
A5020522702,A5089095849,3
A5011550028,A5057056085,3
A5058005526,A5086956726,3
A5058005526,A5064941202,3
A5010183979,A5091488919,3
A5010183979,A5083997692,3
A5027025696,A5028031154,3
A5031034508,A5047891913,3
A5012857222,A5026744201,3
A5012167882,A5026744201,3
A5013034513,A5078794332,3
A5013034513,A5057726299,3
A5000520204,A5101995849,3
A5021823095,A5101749339,3
A5030239070,A5059369301,3
A5009833460,A5059369301,3
A5009743546,A5021084634,3
A5007650335,A5018453135,3
A5004862081,A5103261584,3
A5014596910,A5092703108,3
A5014596910,A5067773694,3
A5014596910,A5061332210,3
A5012857222,A5081091578,3
A5006336849,A5017049663,3
A5016863698,A5036472135,3
A5014358402,A5101517139,3
A5025378270,A5079761664,3
A5029610502,A5046809062,3
A5019241312,A5085108241,3
A5014596910,A5047867624,3
A5014596910,A5031645938,3
A5014596910,A5022094259,3
A5080208398,A5090217025,3
A5006248832,A5014596910,3
A5028689525,A5044306408,3
A5009743546,A5035016214,3
A5057460589,A5061210584,3
A5059766483,A5061799158,3
A5059943716,A5084261893,3
A5020433080,A5028281007,3
A5015981950,A5081110033,3
A5090911532,A5106821649,3
A5006890968,A5089607531,3
A5020191664,A5066310608,3
A5075533434,A5101887722,3
A5053715739,A5056751208,3
A5054254526,A5070067415,3
A5010183979,A5049425830,3
A5013724910,A5069355721,3
A5011002928,A5090433651,3
A5011002928,A5019520689,3
A5032633013,A5058768179,3
A5062789321,A5083299566,3
A5012857222,A5090911532,3
A5047946795,A5061784087,3
A5033249173,A5061784087,3
A5029610502,A5061784087,3
A5085295667,A5090368883,3
A5071622505,A5081337244,3
A5040505246,A5081337244,3
A5029610502,A5033249173,3
A5017049663,A5061784087,3
A5006336849,A5061784087,3
A5006336849,A5047946795,3
A5006336849,A5033249173,3
A5006336849,A5029610502,3
A5004862081,A5057460589,3
A5019520689,A5090433651,3
A5000520204,A5078794332,3
A5026147008,A5066214932,3
A5033167027,A5080779997,3
A5012396628,A5080779997,3
A5012396628,A5033167027,3
A5057056085,A5059943716,3
A5005048873,A5102326824,3
A5004649569,A5084543636,3
A5012167882,A5035786424,3
A5019005107,A5094106121,3
A5062656372,A5101926033,3
A5064941202,A5108783705,3
A5018176357,A5064941202,3
A5018176357,A5050539081,3
A5018176357,A5027555713,3
A5037869911,A5069355721,3
A5022627944,A5075448329,3
A5073459961,A5086618908,3
A5035786424,A5106821649,3
A5057378918,A5093132178,3
A5052886178,A5093132178,3
A5041030590,A5091293568,3
A5080612617,A5093131041,3
A5012611687,A5051542675,3
A5046957652,A5093995975,3
A5093056996,A5104297201,3
A5093056996,A5102662530,3
A5023245057,A5085041333,3
A5060108861,A5064941202,3
A5037925150,A5089198938,3
A5006018293,A5037925150,3
A5034144507,A5078488270,3
A5038145057,A5062789321,3
A5000140197,A5068596775,3
A5062164415,A5081448412,3
A5028778824,A5068837175,3
A5006018293,A5074691792,3
A5034004789,A5088883540,3
A5031083728,A5040160298,3
A5017630451,A5055969351,3
A5062772406,A5065084679,3
A5021084634,A5031249829,3
A5021084634,A5090237281,3
A5057893478,A5057979110,3
A5036482161,A5057893478,3
A5004862081,A5093995975,3
A5046064974,A5073459961,3
A5046064974,A5070440861,3
A5069166021,A5090217025,3
A5047492027,A5062293457,3
A5069355721,A5080491229,3
A5012338780,A5021287076,3
A5006018293,A5113302931,3
A5068837175,A5090349730,3
A5015026980,A5075134588,3
A5008788983,A5071243914,3
A5020240131,A5073459961,3
A5038273643,A5082035971,3
A5001828581,A5014832940,3
A5061172959,A5089198938,3
A5102662530,A5104297201,3
A5046064974,A5093995975,3
A5013127587,A5046064974,3
A5015384149,A5114496071,3
A5060108861,A5086956726,3
A5012611687,A5012857222,3
A5032790503,A5067773694,3
A5032790503,A5061332210,3
A5031645938,A5032790503,3
A5022094259,A5032790503,3
A5063146616,A5101554684,3
A5064941202,A5087196141,3
A5019684420,A5064941202,3
A5019684420,A5049425830,3
A5019684420,A5024595723,3
A5011705533,A5049363465,3
A5082349810,A5098737131,3
A5067278927,A5108783705,3
A5067278927,A5086956726,3
A5069577259,A5091488919,3
A5069577259,A5083997692,3
A5028294826,A5056751208,3
A5000520204,A5059379146,3
A5003957478,A5085486855,3
A5006927005,A5026933239,3
A5000585747,A5061332210,3
A5000585747,A5031645938,3
A5088725621,A5103237044,3
A5017902432,A5086618908,3
A5000779424,A5004127329,3
A5073186665,A5102799552,3
A5047492027,A5053917313,3
A5026069948,A5053917313,3
A5011550028,A5053917313,3
A5050539081,A5067278927,3
A5010183979,A5067278927,3
A5014358402,A5073340466,3
A5032790503,A5073589897,3
A5073340466,A5122492657,3
A5026069948,A5139597457,3
A5026069948,A5122492657,3
A5022614723,A5078715828,3
A5025590719,A5086225695,3
A5002105010,A5031661472,3
A5034546401,A5073954671,3
A5101554684,A5126670435,3
A5006248832,A5032790503,3
A5036522106,A5101875393,3
A5000447662,A5036522106,3
A5006018293,A5103076521,3
A5044747777,A5055557061,3
A5053917313,A5084261893,3
A5047492027,A5084490550,3
A5023358975,A5087392291,3
A5026933239,A5104188642,3
A5026933239,A5091000782,3
A5006927005,A5070440861,3
A5053781215,A5090073716,3
A5043920608,A5090073716,3
A5043920608,A5053781215,3
A5001313271,A5069897245,3
A5026303431,A5055912992,3
A5026303431,A5048740404,3
A5036070326,A5038796583,3
A5000133594,A5038796583,3
A5026069948,A5065084679,3
A5037183129,A5047946795,3
A5019099070,A5098737131,3
A5122492657,A5139597457,3
A5073340466,A5139597457,3
A5044457466,A5103630333,3
A5027555713,A5060108861,3
A5117140277,A5117140280,3
A5021084634,A5023411796,3
A5073186665,A5079577666,3
A5037183129,A5091546774,3
A5033249173,A5091546774,3
A5117140277,A5117140278,3
A5064264542,A5117140280,3
A5064264542,A5117140277,3
A5019005107,A5067165664,3
A5026303431,A5082874697,3
A5026303431,A5077785532,3
A5026303431,A5069527837,3
A5037542712,A5050431373,3
A5070440861,A5104188642,3
A5033145374,A5069118398,3
A5034546401,A5109411008,3
A5053606885,A5065492801,3
A5000447662,A5036111737,3
A5000447662,A5033112329,3
A5029168958,A5080612617,3
A5064106068,A5080779997,3
A5038515945,A5080779997,3
A5064941202,A5112224103,3
A5050003868,A5064941202,3
A5049425830,A5112224103,3
A5024595723,A5112224103,3
A5008569251,A5059773730,3
A5025126709,A5060294105,3
A5080429945,A5082832616,3
A5026069948,A5057056085,3
A5009833460,A5112597245,3
A5009529184,A5070111950,3
A5020522702,A5026069948,3
A5011550028,A5020522702,3
A5069897245,A5103219387,3
A5054065884,A5103089891,3
A5040875367,A5054065884,3
A5103256242,A5120279024,3
A5040528731,A5120279024,3
A5037183129,A5113941756,3
A5033249173,A5113941756,3
A5059773730,A5086956726,3
A5050003868,A5086956726,3
A5090433651,A5101894925,3
A5053606885,A5090082232,3
A5062772406,A5069118398,3
A5037702563,A5069355721,3
A5003957478,A5040520835,3
A5014080263,A5019483161,3
A5025923074,A5053806736,3
A5020522702,A5059943716,3
A5001955135,A5026303431,3
A5010429452,A5069355721,3
A5006018293,A5010899271,3
A5063002184,A5069166021,3
A5045297408,A5076768075,3
A5045297408,A5069166021,3
A5004862081,A5009329442,3
A5010314114,A5093132111,3
A5027626183,A5070440861,3
A5049368053,A5111894635,3
A5081316231,A5112597245,3
A5051420539,A5073752100,3
A5023159609,A5106984267,3
A5041030590,A5072457793,3
A5020240131,A5034546401,3
A5002559612,A5090624421,3
A5015026980,A5051420539,3
A5015026980,A5044457466,3
A5015026980,A5023159609,3
A5038921191,A5040160298,3
A5000779424,A5011550028,3
A5047193991,A5081059658,3
A5047193991,A5052029845,3
A5020364433,A5086982835,3
A5006890968,A5051208730,3
A5022273907,A5047492027,3
A5011550028,A5022273907,3
A5031115092,A5061281606,3
A5000779424,A5061281606,3
A5036669625,A5050062793,3
A5036669625,A5046133977,3
A5040505246,A5091095181,3
A5011273441,A5055807516,3
A5004492086,A5063653524,3
A5086956726,A5089538603,3
A5027555713,A5089538603,3
A5007704084,A5079307935,3
A5042124823,A5093995975,3
A5033327204,A5103011661,3
A5063856302,A5070067415,3
A5044747777,A5063856302,3
A5035468453,A5062781019,3
A5009640284,A5112102237,3
A5103256242,A5115060436,3
A5040528731,A5115060436,3
A5004862081,A5027850066,3
A5019696842,A5082162766,3
A5036600203,A5059943716,3
A5036600203,A5047492027,3
A5011550028,A5036600203,3
A5053806736,A5062772406,3
A5061332210,A5062772406,3
A5003957478,A5044116010,3
A5000358380,A5090433651,3
A5038318396,A5066310608,3
A5026069948,A5088416096,3
A5021939980,A5086883212,3
A5061281606,A5089671786,3
A5061281606,A5089607531,3
A5004862081,A5006453990,3
A5023159609,A5073752100,3
A5019268379,A5090411832,3
A5026069948,A5044747777,3
A5006004211,A5086332748,3
A5006004211,A5063856302,3
A5035354513,A5053758884,3
A5052029845,A5068261748,3
A5046064974,A5090411832,3
A5022603864,A5033786548,3
A5011550028,A5053644947,3
A5018453135,A5084046631,3
A5024204046,A5047492027,3
A5011550028,A5024204046,3
A5026147008,A5066981828,3
A5009583349,A5066981828,3
A5005866252,A5080779997,3
A5128043885,A5128074452,3
A5053806736,A5079444680,3
A5055268601,A5063653524,3
A5001410866,A5108783705,3
A5001410866,A5080812083,3
A5013516547,A5077112506,3
A5080147276,A5085951867,3
A5039088323,A5075134588,3
A5028751556,A5059818563,3
A5027555713,A5075856345,3
A5000583133,A5039088323,3
A5024204046,A5059943716,3
A5046572459,A5090217025,3
A5006453990,A5017630451,3
A5006453990,A5009602251,3
A5017255643,A5102799552,3
A5017255643,A5073752100,3
A5006018293,A5080943584,3
A5102799552,A5106984267,3
A5073752100,A5106984267,3
A5073752100,A5102799552,3
A5007586891,A5011550028,3
A5074861291,A5090217025,3
A5028350394,A5062865348,3
A5020961266,A5048531108,3
A5020961266,A5045248167,3
A5009583349,A5013516547,3
A5006018293,A5013516547,3
A5035753099,A5090246221,3
A5012441298,A5110511488,3
A5053781215,A5080779997,3
A5025053305,A5112224103,3
A5026069948,A5031432477,3
A5040160298,A5063653524,3
A5006018293,A5053093478,3
A5019268379,A5046957652,3
A5021939980,A5053715739,3
A5018453135,A5021939980,3
A5047231854,A5110607449,3
A5059197775,A5082492289,3
A5036472135,A5042124823,3
A5019003378,A5030801010,3
A5052288164,A5062865348,3
A5038133457,A5062865348,3
A5128043885,A5128121757,3
A5128043885,A5128102046,3
A5017255643,A5106984267,3
A5028246703,A5086807894,3
A5050539081,A5080812083,3
A5026069948,A5068119494,3
A5040933029,A5085951867,3
A5028831195,A5086807894,3
A5045334540,A5049181307,3
A5057794736,A5069166021,3
A5021075384,A5057794736,3
A5005210595,A5062865348,3
A5128102046,A5128121757,3
A5128074452,A5128121757,3
A5128074452,A5128102046,3
A5022222180,A5038224687,3
A5017902432,A5022222180,3
A5056751208,A5099583317,3
A5013221381,A5027626183,3
A5035016214,A5063147015,3
A5021084634,A5063147015,3
A5034004789,A5075283486,3
A5013477317,A5047492027,3
A5058041943,A5089538603,3
A5010183979,A5093061409,3
A5025759149,A5029418432,3
A5025759149,A5027626183,3
A5040311489,A5089819152,3
A5027871716,A5035963786,3
A5007586891,A5070805634,3
A5026069948,A5048694353,3
A5023072071,A5059943716,3
A5053644947,A5059943716,3
A5020433080,A5086919974,3
A5000583133,A5013016924,3
A5010429452,A5062408098,3
A5000631347,A5074861291,3
A5047492027,A5053644947,3
A5009329442,A5093995975,3
A5035963786,A5038027455,3
A5028490468,A5108783705,3
A5010183979,A5028490468,3
A5070805634,A5078024597,3
A5059943716,A5078024597,3
A5048893961,A5052886178,3
A5014080263,A5036918477,3
A5076265511,A5102966863,3
A5029337399,A5035995459,3
A5009583349,A5064264542,3
A5027996244,A5041030590,3
A5080943584,A5102927308,3
A5029809705,A5113960134,3
A5040311489,A5080208398,3
A5018985591,A5090217025,3
A5058947016,A5089607531,3
A5031115092,A5058947016,3
A5040311489,A5102713901,3
A5033471756,A5057979110,3
A5004649569,A5019558879,3
A5093779654,A5103162617,3
A5008569251,A5103162617,3
A5008569251,A5093779654,3
A5012338780,A5072018191,3
A5086618908,A5090082232,3
A5076768075,A5101576007,3
A5045297408,A5101576007,3
A5025590719,A5101576007,3
A5029809705,A5050509988,3
A5052718424,A5059943716,3
A5062293457,A5073459961,3
A5034546401,A5062293457,3
A5041930431,A5086316862,3
A5072097210,A5073346040,3
A5004322174,A5053961447,3
A5006018293,A5034092934,3
A5006018293,A5009006392,3
A5003427027,A5026069948,3
A5042175055,A5089198938,3
A5027842064,A5073038673,3
A5027842064,A5065661527,3
A5019003378,A5069056768,3
A5009587082,A5042175055,3
A5050509988,A5113960134,3
A5047891913,A5057794736,3
A5050906628,A5093977130,3
A5000447662,A5093977130,3
A5031645938,A5073459961,3
A5023029871,A5073459961,3
A5031034508,A5033327204,3
A5000631347,A5090217025,3
A5026069948,A5084429273,3
A5078331078,A5090082232,3
A5055250831,A5070023661,3
A5041030590,A5048472072,3
A5024245137,A5048472072,3
A5016740299,A5055250831,3
A5046064974,A5079670706,3
A5019268379,A5079670706,3
A5042841296,A5044306408,3
A5050177003,A5088332386,3
A5031034508,A5088332386,3
A5070067415,A5073340466,3
A5031840874,A5073340466,3
A5018453135,A5056751208,3
A5075856345,A5078331078,3
A5065492801,A5075856345,3
A5037542712,A5090082232,3
A5005563143,A5027626183,3
A5023245057,A5056451014,3
A5008751921,A5045059799,3
A5012158091,A5036482161,3
A5002841864,A5040311489,3
A5021084634,A5039711351,3
A5007704084,A5023407702,3
A5025378270,A5070519396,3
A5097250470,A5144315136,2
A5052979710,A5097250470,2
A5052979710,A5067165664,2
A5035468453,A5144315136,2
A5035468453,A5097250470,2
A5035468453,A5052979710,2
A5034546401,A5075856345,2
A5034546401,A5065492801,2
A5075856345,A5090082232,2
A5048183348,A5073459961,2
A5018529879,A5050177003,2
A5097139664,A5140110452,2
A5044457466,A5108895519,2
A5044457466,A5115061196,2
A5044457466,A5140112993,2
A5108895519,A5115061196,2
A5108895519,A5140112993,2
A5115061196,A5140112993,2
A5108895519,A5123651520,2
A5108895519,A5140259259,2
A5123651520,A5140259259,2
A5017474560,A5079955090,2
A5138229752,A5144115954,2
A5000631347,A5044306408,2
A5025365913,A5060254770,2
A5025723439,A5060254770,2
A5090217025,A5092032873,2
A5010183979,A5075856345,2
A5018176357,A5075856345,2
A5004740474,A5061172959,2
A5004740474,A5063653524,2
A5006018293,A5078437774,2
A5061172959,A5063653524,2
A5023029871,A5034546401,2
A5023029871,A5042124823,2
A5023029871,A5061332210,2
A5031645938,A5034546401,2
A5031645938,A5042124823,2
A5042124823,A5061332210,2
A5061332210,A5073459961,2
A5078437774,A5089198938,2
A5028181469,A5036070326,2
A5007586891,A5033145374,2
A5018311810,A5023358975,2
A5018311810,A5080823565,2
A5061210584,A5093056989,2
A5007704084,A5093132197,2
A5021939980,A5091293568,2
A5004862081,A5104127375,2
A5021084634,A5104127375,2
A5014041682,A5101517139,2
A5026107537,A5081391162,2
A5023072071,A5053917313,2
A5059153287,A5085108241,2
A5013516547,A5025723439,2
A5025365913,A5025723439,2
A5070519396,A5079761664,2
A5040505246,A5077030794,2
A5071622505,A5077030794,2
A5004826319,A5040311489,2
A5034144507,A5090433651,2
A5029610502,A5057794736,2
A5023407702,A5078024597,2
A5029418432,A5044306408,2
A5029418432,A5047492027,2
A5006890968,A5042785180,2
A5042785180,A5053053156,2
A5019263447,A5025212989,2
A5025212989,A5028427474,2
A5061172959,A5078437774,2
A5063653524,A5078437774,2
A5063653524,A5089198938,2
A5019183960,A5047492027,2
A5000447662,A5004570610,2
A5012456671,A5086225695,2
A5051316283,A5069056768,2
A5000447662,A5020248541,2
A5033327204,A5073038673,2
A5065661527,A5073038673,2
A5029809705,A5056451014,2
A5016358600,A5079539932,2
A5038318396,A5103162617,2
A5017630451,A5044933157,2
A5045059799,A5056271593,2
A5021075384,A5031034508,2
A5021075384,A5091957144,2
A5031034508,A5091957144,2
A5066416631,A5091957144,2
A5044306408,A5078024597,2
A5030416254,A5035753099,2
A5030416254,A5052658985,2
A5013516547,A5083979492,2
A5036669625,A5084823557,2
A5017718973,A5074661465,2
A5006541192,A5086807894,2
A5026069948,A5075084435,2
A5073340466,A5075084435,2
A5018985591,A5029418432,2
A5018985591,A5047492027,2
A5018985591,A5062293457,2
A5018985591,A5078024597,2
A5005701860,A5019183960,2
A5005701860,A5022273907,2
A5011550028,A5019183960,2
A5044285047,A5078715828,2
A5008409536,A5034144507,2
A5018985591,A5073146384,2
A5028608876,A5036533532,2
A5072001735,A5072081175,2
A5019882980,A5073346040,2
A5013516547,A5035236333,2
A5066981828,A5076085284,2
A5013547956,A5085088183,2
A5041067749,A5102713901,2
A5029809705,A5066485762,2
A5050509988,A5056451014,2
A5050509988,A5066485762,2
A5056451014,A5113960134,2
A5066485762,A5113960134,2
A5039088323,A5056751208,2
A5009393485,A5090841387,2
A5040311489,A5090841387,2
A5041067749,A5090841387,2
A5017630451,A5081989356,2
A5066416631,A5101576007,2
A5001593190,A5002602597,2
A5035016214,A5041003391,2
A5034144507,A5078476175,2
A5066310608,A5103931103,2
A5025365913,A5066744948,2
A5027871716,A5066744948,2
A5017831735,A5061859499,2
A5004585147,A5081689354,2
A5006018293,A5016085788,2
A5023407702,A5044306408,2
A5000779424,A5058947016,2
A5001593190,A5015026980,2
A5001593190,A5073186665,2
A5001593190,A5075134588,2
A5002602597,A5015026980,2
A5002602597,A5073186665,2
A5002602597,A5075134588,2
A5053178632,A5057794736,2
A5009583349,A5040160298,2
A5013016924,A5060718498,2
A5041857504,A5055029983,2
A5011150197,A5103162617,2
A5021084634,A5041003391,2
A5005261529,A5009393485,2
A5005261529,A5090841387,2
A5009393485,A5040311489,2
A5009393485,A5041067749,2
A5019483161,A5053715739,2
A5053715739,A5103240830,2
A5003957478,A5004585147,2
A5004585147,A5043763784,2
A5051420539,A5067992470,2
A5062440673,A5074691792,2
A5007814949,A5080429945,2
A5020674036,A5080429945,2
A5003721673,A5087522441,2
A5014832940,A5087522441,2
A5040875367,A5088229368,2
A5002836964,A5028972310,2
A5014848687,A5038318396,2
A5008982189,A5034144507,2
A5017902432,A5018548426,2
A5000583133,A5060718498,2
A5015184266,A5040505246,2
A5015184266,A5071622505,2
A5053178632,A5066416631,2
A5053178632,A5069166021,2
A5025212989,A5036482161,2
A5029418432,A5040752794,2
A5018899828,A5052624942,2
A5001747922,A5023245057,2
A5001747922,A5054602307,2
A5023245057,A5054602307,2
A5000583133,A5031978237,2
A5017630451,A5029426031,2
A5015352277,A5016798694,2
A5015352277,A5025327926,2
A5016798694,A5025327926,2
A5063759232,A5066416631,2
A5015993895,A5040653604,2
A5017902432,A5036472135,2
A5059197775,A5071243914,2
A5059197775,A5072001735,2
A5071243914,A5072001735,2
A5019003378,A5094332444,2
A5004740474,A5053093478,2
A5029426031,A5034092934,2
A5023152214,A5024208978,2
A5040311489,A5055563879,2
A5041067749,A5055563879,2
A5041067749,A5063146616,2
A5055563879,A5063146616,2
A5044457466,A5054090049,2
A5020190330,A5085088183,2
A5061799158,A5062739287,2
A5036482161,A5071913571,2
A5015194554,A5036409714,2
A5015194554,A5040967246,2
A5036409714,A5040967246,2
A5023245057,A5031990137,2
A5031990137,A5040733225,2
A5031990137,A5091241482,2
A5006298592,A5069355721,2
A5021084634,A5112590429,2
A5024471083,A5069355721,2
A5069355721,A5112590429,2
A5046809062,A5076915803,2
A5071188883,A5085951867,2
A5071188883,A5090433651,2
A5031432477,A5053806736,2
A5031432477,A5073340466,2
A5013264678,A5066981828,2
A5016808471,A5050177003,2
A5006018293,A5063246525,2
A5006018293,A5064264542,2
A5011467407,A5021084634,2
A5023245057,A5042457662,2
A5040733225,A5042457662,2
A5042457662,A5091241482,2
A5035120658,A5048531108,2
A5035753099,A5110604923,2
A5024745233,A5112910422,2
A5071243914,A5082492289,2
A5072001735,A5082492289,2
A5034354055,A5052658985,2
A5033145374,A5068119494,2
A5028427474,A5071913571,2
A5013516547,A5040160298,2
A5020961266,A5077030794,2
A5045248167,A5077030794,2
A5048531108,A5077030794,2
A5050431373,A5075856345,2
A5058005526,A5075856345,2
A5058005526,A5089376126,2
A5075856345,A5089376126,2
A5023152214,A5057100784,2
A5000583133,A5041498736,2
A5006298592,A5024471083,2
A5013516547,A5064264542,2
A5040160298,A5063246525,2
A5063246525,A5064264542,2
A5079574080,A5091446332,2
A5013264678,A5013516547,2
A5059943716,A5066485762,2
A5066485762,A5074352069,2
A5066485762,A5104054781,2
A5074352069,A5104054781,2
A5076793638,A5082162766,2
A5005210595,A5043484380,2
A5028350394,A5043484380,2
A5024595723,A5065492801,2
A5033222070,A5065492801,2
A5038273643,A5072296680,2
A5024208978,A5082162766,2
A5006018293,A5007377181,2
A5007377181,A5089198938,2
A5038273643,A5055807516,2
A5019570921,A5079574080,2
A5019570921,A5091446332,2
A5048138937,A5057128302,2
A5016686841,A5023087125,2
A5061281606,A5084919011,2
A5021084634,A5104182794,2
A5007586891,A5053806736,2
A5007586891,A5068119494,2
A5038936614,A5076793638,2
A5005701860,A5027025696,2
A5005701860,A5066485762,2
A5005701860,A5074352069,2
A5005701860,A5104054781,2
A5011550028,A5066485762,2
A5027025696,A5066485762,2
A5027025696,A5074352069,2
A5027025696,A5104054781,2
A5047492027,A5066485762,2
A5089376126,A5089538603,2
A5033249173,A5063653524,2
A5057979110,A5063612224,2
A5043763784,A5085486855,2
A5018311810,A5089301360,2
A5089301360,A5091488919,2
A5036918477,A5084046631,2
A5071622505,A5091095181,2
A5041030590,A5081077236,2
A5073954671,A5090082232,2
A5004952938,A5064941202,2
A5004952938,A5086956726,2
A5004952938,A5089376126,2
A5035963786,A5080343913,2
A5046133977,A5050062793,2
A5025610668,A5048138937,2
A5053758884,A5090082232,2
A5038936614,A5082162766,2
A5004740474,A5031959186,2
A5006018293,A5031959186,2
A5009391160,A5080429945,2
A5009391160,A5080612617,2
A5046865734,A5104200039,2
A5069164387,A5104200039,2
A5018194110,A5093403744,2
A5040528731,A5093403744,2
A5019483161,A5085295667,2
A5020433080,A5101673684,2
A5007586891,A5010902658,2
A5057959785,A5094274849,2
A5049425830,A5089376126,2
A5064941202,A5089538603,2
A5028778824,A5040311489,2
A5047492027,A5073340466,2
A5025141018,A5029337399,2
A5007509617,A5012589470,2
A5084046631,A5086982835,2
A5000779424,A5047492027,2
A5000779424,A5059943716,2
A5026069948,A5081138570,2
A5019003378,A5037183129,2
A5057028183,A5090433651,2
A5034144507,A5047083535,2
A5069056768,A5085282432,2
A5073459961,A5093995975,2
A5036472135,A5090082232,2
A5048183348,A5053758884,2
A5048183348,A5090082232,2
A5023013232,A5050906628,2
A5040875367,A5049181307,2
A5045334540,A5054065884,2
A5011879442,A5053053156,2
A5115060436,A5120279024,2
A5055969351,A5087522441,2
A5001410866,A5041748841,2
A5010183979,A5041748841,2
A5041748841,A5080812083,2
A5004009482,A5097167547,2
A5071692542,A5097167547,2
A5093557178,A5097167547,2
A5014041682,A5053806736,2
A5053806736,A5088779191,2
A5035753099,A5091093231,2
A5048476385,A5066485762,2
A5004862081,A5081141055,2
A5031278564,A5113276021,2
A5097223000,A5103237044,2
A5027555713,A5119761238,2
A5073654003,A5111363061,2
A5033249173,A5102991299,2
A5051316283,A5102991299,2
A5019003378,A5105989508,2
A5002793178,A5013221381,2
A5002793178,A5087522441,2
A5013221381,A5073459961,2
A5073459961,A5087522441,2
A5070858004,A5103256242,2
A5070858004,A5115060436,2
A5070858004,A5120279024,2
A5000447662,A5076791333,2
A5018695852,A5092703108,2
A5018695852,A5115060530,2
A5102799552,A5103630333,2
A5025126709,A5070603879,2
A5060294105,A5070603879,2
A5058947016,A5080429945,2
A5058947016,A5082832616,2
A5025759149,A5050621438,2
A5011245286,A5064822716,2
A5011245286,A5078715828,2
A5064822716,A5078715828,2
A5033167027,A5038515945,2
A5033167027,A5064106068,2
A5064879374,A5084724361,2
A5038515945,A5086316862,2
A5021939980,A5088397405,2
A5023087125,A5118801917,2
A5064106068,A5086316862,2
A5000583133,A5003135331,2
A5000583133,A5067165664,2
A5035328464,A5059532796,2
A5035328464,A5118801916,2
A5035328464,A5118801917,2
A5059532796,A5118801916,2
A5059532796,A5118801917,2
A5118801916,A5118801917,2
A5018695852,A5022094259,2
A5018695852,A5031645938,2
A5018695852,A5047867624,2
A5018695852,A5061332210,2
A5018695852,A5067773694,2
A5018695852,A5073589897,2
A5071622505,A5101260759,2
A5064264542,A5117140278,2
A5033249173,A5040160298,2
A5031855398,A5046618236,2
A5031855398,A5091241482,2
A5046618236,A5091241482,2
A5017049663,A5094332444,2
A5021084634,A5081315806,2
A5023411796,A5077168763,2
A5023411796,A5081315806,2
A5077168763,A5081315806,2
A5004009482,A5053240074,2
A5020683087,A5053240074,2
A5117140278,A5117140280,2
A5023087125,A5035328464,2
A5023087125,A5118801916,2
A5029337399,A5054311248,2
A5031661472,A5054311248,2
A5025053305,A5025801276,2
A5025053305,A5083097157,2
A5025801276,A5083097157,2
A5025801276,A5112224103,2
A5079562646,A5084261893,2
A5079562646,A5086656411,2
A5084261893,A5086656411,2
A5083097157,A5112224103,2
A5002793178,A5090217025,2
A5018529879,A5066416631,2
A5025590719,A5116786984,2
A5086225695,A5116786984,2
A5006018293,A5087975565,2
A5040505246,A5101260759,2
A5077156163,A5103076521,2
A5023353473,A5078715828,2
A5047492027,A5052981439,2
A5073459961,A5114174572,2
A5021084634,A5051453267,2
A5004837137,A5080086413,2
A5048167717,A5066310608,2
A5048167717,A5076265511,2
A5053644947,A5070805634,2
A5017049663,A5037183129,2
A5065084679,A5079444680,2
A5053240074,A5071692542,2
A5022898965,A5029337399,2
A5022898965,A5031661472,2
A5022898965,A5054311248,2
A5029337399,A5031661472,2
A5047492027,A5073984703,2
A5019687363,A5044457466,2
A5023245057,A5025462243,2
A5023245057,A5073243254,2
A5025462243,A5040733225,2
A5025462243,A5073243254,2
A5040733225,A5073243254,2
A5070720376,A5075134588,2
A5047492027,A5079562646,2
A5047492027,A5086656411,2
A5053917313,A5059943716,2
A5053917313,A5073984703,2
A5053917313,A5079562646,2
A5053917313,A5086656411,2
A5059943716,A5073984703,2
A5010116918,A5103076521,2
A5017630451,A5032565283,2
A5018311810,A5069577259,2
A5014041682,A5014358402,2
A5014041682,A5062772406,2
A5027555713,A5050539081,2
A5003957478,A5007651617,2
A5007651617,A5044116010,2
A5073984703,A5079562646,2
A5073984703,A5084261893,2
A5073984703,A5086656411,2
A5011550028,A5073984703,2
A5011550028,A5079562646,2
A5011550028,A5086656411,2
A5026069948,A5073984703,2
A5026069948,A5079562646,2
A5026069948,A5086656411,2
A5034546401,A5092618829,2
A5028230309,A5072874626,2
A5019687363,A5047607094,2
A5019687363,A5081103870,2
A5019687363,A5082723611,2
A5019687363,A5085088183,2
A5044457466,A5047607094,2
A5044457466,A5082723611,2
A5047607094,A5081103870,2
A5047607094,A5082723611,2
A5047607094,A5085088183,2
A5081103870,A5082723611,2
A5082723611,A5085088183,2
A5015035432,A5035963786,2
A5035963786,A5079364169,2
A5066744948,A5087936499,2
A5029610502,A5036957578,2
A5029610502,A5043209127,2
A5031115092,A5043209127,2
A5036957578,A5043209127,2
A5000585747,A5075499488,2
A5065113204,A5075499488,2
A5006004211,A5041067749,2
A5041067749,A5086353392,2
A5015026980,A5017630451,2
A5011550028,A5031115092,2
A5040160298,A5113302931,2
A5053806736,A5101517139,2
A5062772406,A5101517139,2
A5073340466,A5101517139,2
A5004862081,A5038115887,2
A5038115887,A5086544103,2
A5007586891,A5089095849,2
A5011550028,A5078024597,2
A5070805634,A5089095849,2
A5078024597,A5089095849,2
A5073654003,A5109054942,2
A5038224687,A5064574318,2
A5041857504,A5075533434,2
A5075533434,A5082874697,2
A5014832940,A5063507111,2
A5039232943,A5063507111,2
A5039232943,A5082408767,2
A5063507111,A5082408767,2
A5002793178,A5075134588,2
A5073459961,A5075134588,2
A5008788983,A5090349730,2
A5029610502,A5031115092,2
A5030692967,A5078488270,2
A5014832940,A5100447087,2
A5015026980,A5087522441,2
A5012577139,A5055107005,2
A5017630451,A5038970085,2
A5017630451,A5054700939,2
A5027608507,A5038970085,2
A5027608507,A5054700939,2
A5083997692,A5103997160,2
A5091488919,A5103997160,2
A5021084634,A5052045242,2
A5009640284,A5021084634,2
A5009640284,A5100706111,2
A5068391466,A5083299566,2
A5007586891,A5059943716,2
A5007586891,A5078024597,2
A5021084634,A5023809850,2
A5003289871,A5006890968,2
A5003289871,A5025759149,2
A5006890968,A5025759149,2
A5018985591,A5040752794,2
A5007814949,A5081103870,2
A5007814949,A5085088183,2
A5004916530,A5061210584,2
A5041170160,A5066310608,2
A5038213599,A5087257070,2
A5031083728,A5057963158,2
A5031083728,A5110847904,2
A5057963158,A5110847904,2
A5028689525,A5044777022,2
A5044777022,A5108003570,2
A5030692967,A5034144507,2
A5021939980,A5058550087,2
A5058550087,A5083299566,2
A5032857473,A5079825931,2
A5041030590,A5079825931,2
A5031887494,A5037869911,2
A5031887494,A5069355721,2
A5031887494,A5085204710,2
A5037869911,A5085204710,2
A5006018293,A5007558092,2
A5007558092,A5080943584,2
A5007558092,A5102927308,2
A5078488270,A5085021151,2
A5046461633,A5088473882,2
A5063856302,A5099355289,2
A5086332748,A5099355289,2
A5038318396,A5080429945,2
A5028689525,A5065656606,2
A5003482925,A5017174251,2
A5019347499,A5078075069,2
A5005815259,A5091709670,2
A5012880528,A5112597245,2
A5072001735,A5089269361,2
A5032130380,A5090433651,2
A5032130380,A5101894925,2
A5057979110,A5076014201,2
A5042124823,A5086618908,2
A5013933547,A5103282510,2
A5022627944,A5023072071,2
A5019304722,A5068391466,2
A5021939980,A5037293239,2
A5040311489,A5072937655,2
A5057959785,A5103089891,2
A5016998054,A5067165664,2
A5019005107,A5078143015,2
A5004862081,A5029168958,2
A5019083557,A5019835850,2
A5020364433,A5026224239,2
A5037730591,A5047946795,2
A5006336849,A5018452419,2
A5017049663,A5018452419,2
A5018452419,A5029610502,2
A5018452419,A5033249173,2
A5018452419,A5047946795,2
A5018452419,A5061784087,2
A5023072071,A5047214809,2
A5075448329,A5103282510,2
A5007814949,A5044457466,2
A5007814949,A5074661465,2
A5002618368,A5026094667,2
A5038318396,A5082162766,2
A5019835850,A5029610502,2
A5026069948,A5061360842,2
A5006018293,A5009587082,2
A5012495167,A5012733014,2
A5004862081,A5025759149,2
A5016863698,A5084965753,2
A5036472135,A5084965753,2
A5009833460,A5061023163,2
A5012880528,A5061023163,2
A5012338780,A5056530896,2
A5018985591,A5066272418,2
A5018985591,A5090433651,2
A5066272418,A5090433651,2
A5018899828,A5051184363,2
A5012733014,A5084484448,2
A5019083557,A5046809062,2
A5019083557,A5091291884,2
A5019835850,A5091291884,2
A5046809062,A5091291884,2
A5018899828,A5026340582,2
A5014960243,A5069897245,2
A5055107005,A5077070822,2
A5040311489,A5090217025,2
A5002180149,A5015118029,2
A5002180149,A5022731017,2
A5015118029,A5022731017,2
A5015118029,A5069355721,2
A5022731017,A5069355721,2
A5044457466,A5074286956,2
A5074286956,A5085088183,2
A5017063496,A5017123432,2
A5017123432,A5080612617,2
A5036918477,A5043753423,2
A5036918477,A5062789321,2
A5007650335,A5083299566,2
A5006386816,A5100706111,2
A5021084634,A5048694353,2
A5028972310,A5043763784,2
A5000447662,A5055463708,2
A5000447662,A5103162617,2
A5055463708,A5103162617,2
A5059943716,A5062865348,2
A5012338780,A5028675285,2
A5064941202,A5080812083,2
A5009529184,A5077070822,2
A5055250831,A5101673684,2
A5009904080,A5036070326,2
A5035016214,A5077168763,2
A5021939980,A5044445866,2
A5044445866,A5059766483,2
A5041030590,A5060095890,2
A5035605334,A5086807894,2
A5034144507,A5052383979,2
A5020891999,A5066310608,2
A5035753099,A5047492027,2
A5004862081,A5072874626,2
A5014596910,A5073589897,2
A5014596910,A5115060530,2
A5035016214,A5048694353,2
A5051166865,A5062164415,2
A5052392556,A5070720376,2
A5052392556,A5090467867,2
A5051542675,A5081091578,2
A5051542675,A5090911532,2
A5000585747,A5033145374,2
A5000585747,A5062772406,2
A5090355343,A5090624421,2
A5011859775,A5079219193,2
A5000520204,A5013034513,2
A5000520204,A5057726299,2
A5058840763,A5074618716,2
A5058840763,A5085951867,2
A5074618716,A5085951867,2
A5012865878,A5047122419,2
A5012865878,A5052886178,2
A5010113438,A5048255450,2
A5010113438,A5090433651,2
A5010113438,A5101549026,2
A5006890968,A5089671786,2
A5036957578,A5084919011,2
A5040010940,A5081110033,2
A5031793915,A5063246525,2
A5077998879,A5083449439,2
A5077998879,A5103008302,2
A5083449439,A5103008302,2
A5043630425,A5062408098,2
A5031793915,A5066981828,2
A5049491698,A5091241482,2
A5084261893,A5088416096,2
A5036957578,A5089607531,2
A5001313271,A5040311489,2
A5008654902,A5031793915,2
A5036669625,A5090624421,2
A5057726299,A5090624421,2
A5031628312,A5062790934,2
A5023358975,A5073415282,2
A5016011483,A5034433638,2
A5016011483,A5104830855,2
A5016011483,A5112839995,2
A5020433080,A5034433638,2
A5020433080,A5112839995,2
A5034433638,A5112839995,2
A5031016161,A5035753099,2
A5035753099,A5036525946,2
A5012857222,A5035786424,2
A5038273643,A5062790934,2
A5004649569,A5016270544,2
A5016270544,A5084543636,2
A5006890968,A5036957578,2
A5006890968,A5084919011,2
A5093132177,A5093132178,2
A5007650335,A5101260025,2
A5035786424,A5051542675,2
A5035786424,A5081091578,2
A5035786424,A5090911532,2
A5070023661,A5111179456,2
A5081763579,A5094106121,2
A5011550028,A5064340404,2
A5007422831,A5053806736,2
A5021939980,A5053240927,2
A5021939980,A5073459961,2
A5053240927,A5073459961,2
A5050308411,A5077370436,2
A5006018293,A5013463278,2
A5031606609,A5062790934,2
A5031628312,A5038273643,2
A5068487510,A5073459961,2
A5023358975,A5114150134,2
A5046865734,A5114150134,2
A5011002928,A5093210668,2
A5064398557,A5093634779,2
A5040311489,A5043920608,2
A5080823565,A5087392291,2
A5056637194,A5088883540,2
A5006018293,A5017049663,2
A5031606609,A5031628312,2
A5031606609,A5038273643,2
A5005872347,A5024208978,2
A5041030590,A5083299566,2
A5004862081,A5005784739,2
A5052886178,A5093132177,2
A5057378918,A5093132177,2
A5046957652,A5091000782,2
A5079307935,A5093132326,2
A5036918477,A5040686723,2
A5031645938,A5065113204,2
A5061332210,A5065113204,2
A5042785180,A5072874626,2
A5000313996,A5038145057,2
A5000313996,A5093132208,2
A5085295667,A5093132208,2
A5028972310,A5040520835,2
A5040520835,A5085486855,2
A5023029871,A5033145374,2
A5023029871,A5068487510,2
A5031645938,A5068487510,2
A5033145374,A5068487510,2
A5033145374,A5073459961,2
A5032857473,A5059766483,2
A5042124823,A5109411008,2
A5073459961,A5109411008,2
A5033145374,A5038551856,2
A5038551856,A5062772406,2
A5038551856,A5069118398,2
A5086956726,A5090082232,2
A5010423483,A5041749289,2
A5001313271,A5081448412,2
A5057959785,A5088375223,2
A5042841296,A5047891913,2
A5042841296,A5069166021,2
A5040311489,A5090073716,2
A5053781215,A5075448329,2
A5006927005,A5091000782,2
A5006927005,A5104188642,2
A5031884521,A5062150823,2
A5052886178,A5058446697,2
A5017902432,A5053758884,2
A5013933547,A5053178632,2
A5027555713,A5112224103,2
A5033222070,A5112224103,2
A5053606885,A5112224103,2
A5086956726,A5112224103,2
A5048694353,A5063544173,2
A5033112329,A5050906628,2
A5027555713,A5090082232,2
A5049425830,A5065492801,2
A5050431373,A5065492801,2
A5041857504,A5062440673,2
A5058446697,A5090467867,2
A5079307935,A5090467867,2
A5044116010,A5063935440,2
A5038318396,A5076793638,2
A5017255643,A5028903576,2
A5004862081,A5072426951,2
A5005563143,A5072426951,2
A5006453990,A5072426951,2
A5009602251,A5072426951,2
A5017630451,A5072426951,2
A5036111737,A5050906628,2
A5019684420,A5027555713,2
A5019684420,A5033222070,2
A5019684420,A5053606885,2
A5019684420,A5086956726,2
A5019684420,A5112224103,2
A5059766483,A5093132361,2
A5027626183,A5091000782,2
A5071188883,A5088507712,2
A5046947277,A5062943078,2
A5000583133,A5055250831,2
A5070440861,A5112102237,2
A5031884521,A5083299566,2
A5005701860,A5017063496,2
A5083299566,A5086883212,2
A5062772406,A5086332748,2
A5000583133,A5094106121,2
A5000583133,A5106110621,2
A5019005107,A5106110621,2
A5055250831,A5094106121,2
A5055250831,A5106110621,2
A5094106121,A5106110621,2
A5004862081,A5048588886,2
A5030239070,A5112597245,2
A5059943716,A5081329483,2
A5034546401,A5082788950,2
A5055807516,A5080086413,2
A5006004211,A5026069948,2
A5006004211,A5033145374,2
A5006004211,A5044747777,2
A5006004211,A5062772406,2
A5006004211,A5070067415,2
A5033145374,A5086332748,2
A5023159609,A5028903576,2
A5028903576,A5044457466,2
A5028903576,A5051420539,2
A5028903576,A5073752100,2
A5028903576,A5102799552,2
A5028903576,A5106984267,2
A5000583133,A5078169644,2
A5009952690,A5025590719,2
A5014832940,A5025590719,2
A5025590719,A5082408767,2
A5006018293,A5066981828,2
A5013516547,A5041857504,2
A5041857504,A5066981828,2
A5013706069,A5021084634,2
A5014169006,A5078715828,2
A5046957652,A5090411832,2
A5026933239,A5044982417,2
A5012611687,A5026744201,2
A5012611687,A5035786424,2
A5019005107,A5023245057,2
A5048849140,A5059943716,2
A5048849140,A5081329483,2
A5059943716,A5075957084,2
A5010183979,A5093061423,2
A5010183979,A5093061430,2
A5010183979,A5114114728,2
A5011550028,A5048849140,2
A5011550028,A5075957084,2
A5011550028,A5081329483,2
A5011550028,A5089607531,2
A5013477317,A5048849140,2
A5013477317,A5081329483,2
A5047492027,A5048849140,2
A5047492027,A5075957084,2
A5047492027,A5081329483,2
A5035753099,A5091552283,2
A5026069948,A5116297131,2
A5076825406,A5116297131,2
A5063147015,A5078715828,2
A5004862081,A5017063496,2
A5031645938,A5111386501,2
A5067773694,A5111386501,2
A5029426031,A5062150823,2
A5007422831,A5011550028,2
A5047197688,A5082162766,2
A5028281007,A5104830855,2
A5025590719,A5045297408,2
A5063002184,A5081110597,2
A5081110597,A5101576007,2
A5081316231,A5111126107,2
A5064728333,A5101790622,2
A5056637194,A5075283486,2
A5026069948,A5082697247,2
A5006291378,A5070023661,2
A5023245057,A5025906348,2
A5058041943,A5093061430,2
A5058041943,A5114114728,2
A5089538603,A5093061423,2
A5089538603,A5093061430,2
A5089538603,A5114114728,2
A5093061409,A5093061423,2
A5093061409,A5093061430,2
A5093061409,A5114114728,2
A5093061423,A5093061430,2
A5093061423,A5114114728,2
A5093061430,A5114114728,2
A5020502890,A5057378918,2
A5034354055,A5035753099,2
A5080823565,A5083997692,2
A5000140197,A5019696842,2
A5019696842,A5047197688,2
A5036696022,A5080779997,2
A5036696022,A5091446332,2
A5080779997,A5091446332,2
A5018194110,A5077006893,2
A5040528731,A5077006893,2
A5070858004,A5077006893,2
A5031083728,A5077156163,2
A5007422831,A5025939693,2
A5007422831,A5084261893,2
A5011550028,A5025939693,2
A5025939693,A5026069948,2
A5025939693,A5047492027,2
A5025939693,A5084261893,2
A5046865734,A5083997692,2
A5069164387,A5080823565,2
A5058041943,A5093061423,2
A5079670706,A5090411832,2
A5001343815,A5005866252,2
A5001343815,A5047214809,2
A5001343815,A5068506192,2
A5005866252,A5068506192,2
A5047214809,A5068506192,2
A5018176357,A5028490468,2
A5028490468,A5080812083,2
A5025126709,A5092990221,2
A5051316283,A5076157386,2
A5073235552,A5076157386,2
A5026094667,A5045248167,2
A5045248167,A5090217025,2
A5005866252,A5036696022,2
A5005866252,A5091446332,2
A5036696022,A5053781215,2
A5013264678,A5027871716,2
A5027871716,A5083608652,2
A5035963786,A5083608652,2
A5040409959,A5043702115,2
A5040409959,A5091757459,2
A5043702115,A5091757459,2
A5062618224,A5090433651,2
A5010429452,A5013724910,2
A5013724910,A5062408098,2
A5000631347,A5042841296,2
A5000631347,A5057264145,2
A5042841296,A5057264145,2
A5042841296,A5090217025,2
A5044306408,A5057264145,2
A5031645938,A5108824645,2
A5033249173,A5073235552,2
A5038318396,A5116307279,2
A5064398557,A5116307279,2
A5011550028,A5048694353,2
A5048694353,A5059943716,2
A5032466831,A5103008302,2
A5001811145,A5082551840,2
A5019083557,A5060469052,2
A5019083557,A5085011600,2
A5060469052,A5085011600,2
A5010022611,A5021084634,2
A5023245057,A5095853236,2
A5007586891,A5029418432,2
A5023072071,A5053644947,2
A5026069948,A5053644947,2
A5021084634,A5074671883,2
A5023411796,A5074671883,2
A5036070326,A5053806736,2
A5045010596,A5083911374,2
A5045010596,A5092559168,2
A5010142828,A5084919011,2
A5010142828,A5089671786,2
A5017902432,A5044342349,2
A5023407702,A5057794736,2
A5023407702,A5073459961,2
A5029418432,A5057794736,2
A5029418432,A5073459961,2
A5057794736,A5062293457,2
A5057794736,A5063146616,2
A5047492027,A5048694353,2
A5031115092,A5105103561,2
A5000313996,A5062789321,2
A5041030590,A5102675849,2
A5088416096,A5101887722,2
A5028584050,A5040311489,2
A5006018293,A5009001838,2
A5001955135,A5012733014,2
A5033786548,A5080779997,2
A5020240131,A5076768075,2
A5026094667,A5034546401,2
A5026094667,A5063002184,2
A5020433080,A5054602307,2
A5054602307,A5055250831,2
A5069804462,A5087522441,2
A5041067749,A5071243914,2
A5057979110,A5080086413,2
A5023330740,A5057794736,2
A5000313996,A5014080263,2
A5058810653,A5083299566,2
A5059532796,A5111304062,2
A5056546815,A5064003333,2
A5031793915,A5107078894,2
A5006556890,A5041030590,2
A5006556890,A5042037210,2
A5006556890,A5059766483,2
A5042037210,A5059766483,2
A5021084634,A5079222450,2
A5069166021,A5070311498,2
A5070311498,A5090217025,2
A5070311498,A5101576007,2
A5090217025,A5101576007,2
A5016891605,A5080429945,2
A5086316862,A5090624421,2
A5020240131,A5063002184,2
A5064264542,A5101887722,2
A5050431373,A5078331078,2
A5035016214,A5079222450,2
A5039559405,A5093057011,2
A5040311489,A5072170613,2
A5066485762,A5072170613,2
A5069166021,A5076768075,2
A5024595723,A5037542712,2
A5069472796,A5081110033,2
A5068678290,A5069166021,2
A5068678290,A5070311498,2
A5068678290,A5090217025,2
A5068678290,A5101576007,2
A5034546401,A5059000250,2
A5005701860,A5080429945,2
A5005701860,A5080612617,2
A5021314217,A5059532796,2
A5031432477,A5054254526,2
A5064340404,A5084490550,2
A5059943716,A5109537361,2
A5023159609,A5073186665,2
A5051420539,A5073186665,2
A5081110033,A5114507787,2
A5070440861,A5093995975,2
A5021939980,A5050117172,2
A5031884521,A5050117172,2
A5050117172,A5085295667,2
A5059975435,A5090467867,2
A5020248541,A5103162617,2
A5068596775,A5079357080,2
A5019241312,A5059153287,2
A5024595723,A5089376126,2
A5027555713,A5078331078,2
A5093132111,A5099583317,2
A5006927005,A5029426031,2
A5026933239,A5046618723,2
A5046064974,A5046618723,2
A5046618723,A5046957652,2
A5075533434,A5089607531,2
A5052555436,A5068261748,2
A5052555436,A5081059658,2
A5021939980,A5061799158,2
A5050431373,A5089376126,2
A5060108861,A5089376126,2
A5064941202,A5078331078,2
A5078331078,A5086956726,2
A5078331078,A5089376126,2
A5005018486,A5103537045,2
A5031432477,A5031840874,2
A5012167882,A5080167189,2
A5080167189,A5081091578,2
A5080167189,A5106821649,2
A5005872347,A5068596775,2
A5005563143,A5069355721,2
A5009602251,A5069355721,2
A5069355721,A5086618908,2
A5047891913,A5093061408,2
A5057056085,A5089095849,2
A5057056085,A5104054781,2
A5089095849,A5104054781,2
A5020216796,A5088725621,2
A5033167027,A5088725621,2
A5000276221,A5056751208,2
A5034546401,A5111043624,2
A5004862081,A5046064974,2
A5059766483,A5084046631,2
A5023330740,A5078024597,2
A5023330740,A5116829838,2
A5029418432,A5116829838,2
A5063146616,A5116829838,2
A5015026980,A5017255643,2
A5040160298,A5069412206,2
A5020522702,A5104054781,2
A5026069948,A5089095849,2
A5026069948,A5104054781,2
A5031645938,A5060774817,2
A5011550028,A5047311298,2
A5027025696,A5047311298,2
A5028031154,A5047311298,2
A5073459961,A5109121622,2
A5017630451,A5046064974,2
A5051208730,A5079771579,2
A5078715828,A5079771579,2
A5020191664,A5102297508,2
A5066310608,A5102297508,2
A5025759149,A5080429945,2
A5034546401,A5101255496,2
A5015534336,A5029426031,2
A5000631347,A5002850853,2
A5050003868,A5058005526,2
A5020522702,A5057056085,2
A5035332489,A5052555436,2
A5035332489,A5068261748,2
A5035332489,A5081059658,2
A5058211283,A5091096408,2
A5034404865,A5084046631,2
A5041030590,A5084046631,2
A5038027455,A5118653324,2
A5040967246,A5118653324,2
A5023358975,A5088474353,2
A5023358975,A5118908560,2
A5069164387,A5087392291,2
A5069164387,A5088474353,2
A5069164387,A5118908560,2
A5057313578,A5061360842,2
A5033222070,A5050003868,2
A5033222070,A5058005526,2
A5037542712,A5049425830,2
A5037542712,A5053606885,2
A5002850853,A5057794736,2
A5057794736,A5101576005,2
A5047311298,A5047492027,2
A5047311298,A5059943716,2
A5018453135,A5057460589,2
A5012880528,A5059369301,2
A5035332489,A5040505246,2
A5034404865,A5086174312,2
A5018453135,A5061210584,2
A5053715739,A5057460589,2
A5053715739,A5061210584,2
A5034546401,A5053776298,2
A5027555713,A5058005526,2
A5016863698,A5017630451,2
A5016863698,A5026933239,2
A5016863698,A5042124823,2
A5016863698,A5073459961,2
A5017630451,A5053758884,2
A5026933239,A5053758884,2
A5038027455,A5040967246,2
A5083997692,A5088474353,2
A5083997692,A5118908560,2
A5087392291,A5088474353,2
A5087392291,A5118908560,2
A5088474353,A5118908560,2
A5005866252,A5026147008,2
A5040311489,A5112693146,2
A5066485762,A5112693146,2
A5025759149,A5035963786,2
A5016686841,A5070165977,2
A5059532796,A5070165977,2
A5028317376,A5058783045,2
A5028317376,A5081525511,2
A5047947883,A5076793638,2
A5049368053,A5076124267,2
A5004862081,A5053715739,2
A5000447662,A5018522762,2
A5018522762,A5101875393,2
A5040160298,A5089198938,2
A5038145057,A5083299566,2
A5001828581,A5009007340,2
A5006018293,A5033249173,2
A5060061161,A5080429945,2
A5060061161,A5090467867,2
A5032633013,A5071997806,2
A5058768179,A5071997806,2
A5004862081,A5075368742,2
A5004862081,A5086982835,2
A5017630451,A5075368742,2
A5011002928,A5076124267,2
A5024874582,A5080491229,2
A5083997692,A5087392291,2
A5093995975,A5112102237,2
A5093995975,A5126691888,2
A5001828581,A5039232943,2
A5009007340,A5014832940,2
A5009007340,A5039232943,2
A5059532796,A5085462607,2
A5026251209,A5081337244,2
A5081337244,A5081391162,2
A5010116918,A5110847904,2
A5037445056,A5084484448,2
A5018176357,A5049425830,2
A5049425830,A5050539081,2
A5049425830,A5108783705,2
A5050539081,A5064941202,2
A5003209043,A5062656372,2
A5003209043,A5101926033,2
A5042124823,A5046064974,2
A5042124823,A5046957652,2
A5022094259,A5085570120,2
A5031645938,A5062052815,2
A5031645938,A5085570120,2
A5032790503,A5062052815,2
A5032790503,A5085570120,2
A5061332210,A5062052815,2
A5061332210,A5085570120,2
A5062052815,A5067773694,2
A5062052815,A5073589897,2
A5062052815,A5085570120,2
A5067773694,A5085570120,2
A5073589897,A5085570120,2
A5070440861,A5073459961,2
A5013127587,A5093995975,2
A5011550028,A5076825406,2
A5101887722,A5117140277,2
A5101887722,A5117140278,2
A5010183979,A5097167602,2
A5089538603,A5097167602,2
A5021084634,A5111192663,2
A5031249829,A5111192663,2
A5012880528,A5120618632,2
A5006248832,A5062052815,2
A5006248832,A5085570120,2
A5022094259,A5062052815,2
A5040311489,A5074970765,2
A5009465064,A5119497889,2
A5088473882,A5119497889,2
A5012733014,A5035753099,2
A5012733014,A5059943716,2
A5063146616,A5074970765,2
A5074970765,A5101554684,2
A5101554684,A5119497943,2
A5101875393,A5103162617,2
A5103162617,A5121533748,2
A5109275071,A5122165738,2
A5024874582,A5050439313,2
A5069355721,A5103087869,2
A5004862081,A5019402069,2
A5019402069,A5061210584,2
A5061210584,A5069355721,2
A5073632742,A5110511488,2
A5040311489,A5043955192,2
A5041067749,A5043955192,2
A5008788983,A5040311489,2
A5040311489,A5090349730,2
A5021432908,A5061172959,2
A5062772406,A5123913387,2
A5044457466,A5124763370,2
A5079307935,A5082109754,2
A5066416631,A5086225695,2
A5047492027,A5076825406,2
A5024595723,A5087196141,2
A5027555713,A5087196141,2
A5086956726,A5087196141,2
A5087196141,A5089376126,2
A5017902432,A5056513533,2
A5002559612,A5020216796,2
A5002559612,A5045443140,2
A5020216796,A5045443140,2
A5063935440,A5068273355,2
A5040311489,A5119497943,2
A5009833460,A5056572495,2
A5018176357,A5024595723,2
A5018176357,A5090082232,2
A5024595723,A5050003868,2
A5049425830,A5050003868,2
A5047946795,A5084154522,2
A5013034513,A5020216796,2
A5036669625,A5109757260,2
A5090355343,A5109757260,2
A5101887722,A5126313912,2
A5006248832,A5127004419,2
A5006248832,A5127238222,2
A5127004419,A5127238222,2
A5025759149,A5079307935,2
A5034546401,A5094300030,2
A5025590719,A5066416631,2
A5047867624,A5128102046,2
A5047867624,A5128121757,2
A5021817826,A5075070766,2
A5021084634,A5086544103,2
A5047867624,A5128039200,2
A5047867624,A5128043142,2
A5047867624,A5128043885,2
A5056572495,A5059369301,2
A5006018293,A5110948777,2
A5009602251,A5027626183,2
A5017630451,A5086982835,2
A5027626183,A5086982835,2
A5086618908,A5086982835,2
A5012733014,A5055029983,2
A5040160298,A5055029983,2
A5004322174,A5018453135,2
A5037183129,A5053151573,2
A5031645938,A5090150599,2
A5033145374,A5067773694,2
A5061332210,A5090150599,2
A5062772406,A5067773694,2
A5067773694,A5090150599,2
A5009374065,A5062772406,2
A5033145374,A5053806736,2
A5004740474,A5038921191,2
A5010701866,A5057794736,2
A5010701866,A5066416631,2
A5010701866,A5090217025,2
A5025706787,A5030239070,2
A5030239070,A5056572495,2
A5047867624,A5128074452,2
A5047867624,A5128091949,2
A5007814949,A5017630451,2
A5033145374,A5085290806,2
A5053806736,A5063856302,2
A5053806736,A5085290806,2
A5062772406,A5085290806,2
A5036070326,A5086202501,2
A5033249173,A5053151573,2
A5017630451,A5020674036,2
A5017630451,A5080429945,2
A5017902432,A5062213757,2
A5066310608,A5090683452,2
A5008569251,A5075856345,2
A5007526868,A5016640982,2
A5003957478,A5057443007,2
A5044116010,A5057443007,2
A5010423483,A5075070766,2
A5060329582,A5067387383,2
A5026069948,A5092595991,2
A5041918031,A5063856302,2
A5041918031,A5092595991,2
A5063856302,A5092595991,2
A5073340466,A5092595991,2
A5012441298,A5110506743,2
A5021939980,A5072457793,2
A5033327204,A5089472074,2
A5033327204,A5116594726,2
A5065661527,A5116594726,2
A5085502627,A5116594726,2
A5047368456,A5066981828,2
A5021012063,A5021400778,2
A5021400778,A5041857504,2
A5041857504,A5074691792,2
A5025365913,A5083608652,2
A5029610502,A5083608652,2
A5057893478,A5073346040,2
A5128039200,A5128043142,2
A5128039200,A5128043885,2
A5128039200,A5128074452,2
A5128039200,A5128091949,2
A5128039200,A5128102046,2
A5128039200,A5128121757,2
A5128043142,A5128043885,2
A5128043142,A5128074452,2
A5128043142,A5128091949,2
A5128043142,A5128102046,2
A5128043142,A5128121757,2
A5031278564,A5060329582,2
A5031278564,A5067387383,2
A5006004211,A5039072470,2
A5028350394,A5039072470,2
A5128043885,A5128091949,2
A5128074452,A5128091949,2
A5039072470,A5052288164,2
A5039072470,A5062865348,2
A5023330740,A5038027455,2
A5023407702,A5038027455,2
A5029418432,A5038027455,2
A5038027455,A5063146616,2
A5038027455,A5090217025,2
A5011550028,A5087157415,2
A5059943716,A5087157415,2
A5059943716,A5088112214,2
A5057893478,A5072097210,2
A5025365913,A5029610502,2
A5000327326,A5068119494,2
A5000327326,A5073340466,2
A5065084679,A5068119494,2
A5038133457,A5039072470,2
A5075533434,A5117140278,2
A5114496071,A5129313423,2
A5129170585,A5129313423,2
A5029426031,A5063147015,2
A5015529806,A5055070619,2
A5052288164,A5055070619,2
A5011245286,A5050308411,2
A5056751208,A5093061424,2
A5093061424,A5099583317,2
A5022222180,A5049368053,2
A5128091949,A5128102046,2
A5128091949,A5128121757,2
A5019241312,A5111106906,2
A5066485762,A5111106906,2
A5066485762,A5113953148,2
A5111106906,A5113953148,2
A5041930431,A5064106068,2
A5044457466,A5070989901,2
A5020240131,A5042124823,2
A5041030590,A5101920889,2
A5081477004,A5085502627,2
A5002681668,A5020394660,2
A5002681668,A5090433651,2
A5020394660,A5090433651,2
A5058095067,A5072001735,2
A5080779997,A5088725621,2
A5002559612,A5038515945,2
A5002559612,A5064106068,2
A5000583133,A5121439041,2
A5000583133,A5129360425,2
A5000583133,A5129363314,2
A5121439041,A5129360425,2
A5121439041,A5129363314,2
A5129360425,A5129363314,2
A5024245137,A5079307935,2
A5011550028,A5132752233,2
A5059943716,A5132752233,2
A5073340466,A5123913387,2
A5034092934,A5089198938,2
A5034546401,A5103841741,2
A5073459961,A5103841741,2
A5052249792,A5058211283,2
A5052249792,A5092888184,2
A5058211283,A5092888184,2
A5002559612,A5072170613,2
A5041930431,A5072170613,2
A5009833460,A5103151426,2
A5030239070,A5103151426,2
A5019005107,A5020433080,2
A5019005107,A5083995773,2
A5055250831,A5083995773,2
A5055250831,A5089287618,2
A5086919974,A5089287618,2
A5023407702,A5034546401,2
A5029418432,A5034546401,2
A5034546401,A5090217025,2
A5004159752,A5103841741,2
A5017902432,A5103841741,2
A5005210595,A5039072470,2
A5015384149,A5129170585,2
A5004862081,A5109475864,2
A5021084634,A5109475864,2
A5081059658,A5085290806,2
A5011251239,A5025378270,2
A5082874697,A5136172504,2
A5136659327,A5136702247,2
A5023245057,A5136714184,2
A5136661873,A5136685088,2
A5136732803,A5136813323,2
A5111261282,A5138229752,2
A5038515551,A5077906044,2
A5003427027,A5053806736,2
A5086353392,A5109207169,2
A5004322174,A5044586930,2
A5072097210,A5084637606,2
A5073346040,A5084637606,2
A5049363465,A5104340155,2
A5082141067,A5085088183,2
A5008751921,A5015184266,2
A5018453135,A5085295667,2
A5011550028,A5052718424,2
A5011550028,A5068878780,2
A5019696842,A5059943716,2
A5019696842,A5068878780,2
A5059943716,A5068878780,2
A5036482161,A5073346040,2
A5006004211,A5069117994,2
A5069117994,A5086353392,2
A5069117994,A5109207169,2
A5101875393,A5128952663,2
A5115590669,A5123478084,2
A5004862081,A5078715828,2
A5026094667,A5047891913,2
A5026094667,A5070514806,2
A5044306408,A5047891913,2
A5044457466,A5070894344,2
A5036395456,A5044457466,2
A5036395456,A5097139664,2
A5036395456,A5140110452,2
A5044457466,A5097139664,2
A5044457466,A5140110452,2
A5019005107,A5070023661,2
A5011550028,A5019696842,2
A5004322174,A5075990469,2
A5044586930,A5053961447,2
A5044586930,A5075990469,2
A5053961447,A5075990469,2
A5002841864,A5071243914,2
A5034546401,A5037542712,2
A5067165664,A5144315136,2
A5067165664,A5097250470,2
A5052979710,A5144315136,2
A5058289702,A5090073716,2
A5023072071,A5070805634,2
A5070805634,A5088416096,2
A5053758884,A5109411008,2
A5044306408,A5070514806,2
A5047891913,A5070514806,2
A5047891913,A5090217025,2
A5057794736,A5070514806,2
A5066416631,A5070514806,2
A5070514806,A5090217025,2
A5015184266,A5045059799,2
A5065492801,A5078331078,2
A5075856345,A5108783705,2
A5091546774,A5113941756,2
A5012959456,A5017902432,2
A5012959456,A5022222180,2
A5012959456,A5038224687,2
A5005638468,A5023407702,2
A5000447662,A5095911650,2
A5000447662,A5095911651,2
A5050906628,A5095911650,2
A5093977130,A5095911650,2
A5035963786,A5104236401,2
A5005563143,A5034546401,2
A5056751208,A5083299566,2
A5031840874,A5044747777,2
A5044747777,A5073340466,2
A5054254526,A5073340466,2
A5094260459,A5147371294,1
A5009465064,A5014722808,1
A5014722808,A5088473882,1
A5035354513,A5048183348,1
A5049425830,A5122547070,1
A5064941202,A5122547070,1
A5090082232,A5122547070,1
A5017474560,A5136172504,1
A5079955090,A5136172504,1
A5023245057,A5055250831,1
A5023245057,A5075838105,1
A5073346040,A5144360993,1
A5073414335,A5144352892,1
A5042527572,A5144352892,1
A5111261282,A5144115954,1
A5144146737,A5144177616,1
A5144137681,A5144177616,1
A5144137681,A5144146737,1
A5144111408,A5144177616,1
A5018529879,A5088332386,1
A5025906348,A5109543313,1
A5025906348,A5063233327,1
A5005147545,A5112751195,1
A5005147545,A5109543313,1
A5005147545,A5063233327,1
A5037183129,A5062860048,1
A5039975784,A5061963679,1
A5018801116,A5061963679,1
A5018801116,A5039975784,1
A5023072071,A5088416096,1
A5019481166,A5088416096,1
A5019481166,A5070805634,1
A5019481166,A5047492027,1
A5019481166,A5026069948,1
A5019481166,A5023072071,1
A5011550028,A5019481166,1
A5042785180,A5073340466,1
A5042785180,A5068119494,1
A5042785180,A5053806736,1
A5026069948,A5042785180,1
A5000327326,A5053806736,1
A5000327326,A5042785180,1
A5075167077,A5114135395,1
A5043838952,A5114135395,1
A5043838952,A5075167077,1
A5035016214,A5039711351,1
A5011550028,A5039711351,1
A5011550028,A5035016214,1
A5011550028,A5021084634,1
A5016740299,A5019005107,1
A5039232943,A5087522441,1
A5009007340,A5087522441,1
A5001828581,A5087522441,1
A5000631347,A5070514806,1
A5000631347,A5047891913,1
A5000337454,A5018453135,1
A5032128299,A5084965753,1
A5032128299,A5053758884,1
A5072170613,A5086316862,1
A5041067749,A5063338641,1
A5040311489,A5063338641,1
A5037442851,A5063338641,1
A5005261529,A5063338641,1
A5036482161,A5084637606,1
A5036482161,A5072097210,1
A5068878780,A5076163564,1
A5059943716,A5076163564,1
A5052718424,A5076163564,1
A5052718424,A5068878780,1
A5019696842,A5076163564,1
A5019696842,A5052718424,1
A5011550028,A5076163564,1
A5081103870,A5082141067,1
A5011705533,A5104340155,1
A5020433080,A5083995773,1
A5082141067,A5085788100,1
A5074661465,A5085788100,1
A5074661465,A5082141067,1
A5051420539,A5085788100,1
A5051420539,A5082141067,1
A5051420539,A5074661465,1
A5044457466,A5085788100,1
A5036768803,A5085788100,1
A5036768803,A5082141067,1
A5036768803,A5074661465,1
A5036768803,A5051420539,1
A5036768803,A5044457466,1
A5019005107,A5089287618,1
A5008664114,A5034546401,1
A5012880528,A5103151426,1
A5013892483,A5102959668,1
A5013892483,A5085502627,1
A5075990469,A5085295667,1
A5053961447,A5085295667,1
A5044586930,A5085295667,1
A5004322174,A5085295667,1
A5040862622,A5090217025,1
A5040862622,A5062293457,1
A5034546401,A5040862622,1
A5029418432,A5040862622,1
A5023407702,A5040862622,1
A5004322174,A5056751208,1
A5004322174,A5053715739,1
A5083995773,A5089287618,1
A5083995773,A5086919974,1
A5055250831,A5086919974,1
A5000461245,A5085788100,1
A5000461245,A5082141067,1
A5000461245,A5074661465,1
A5000461245,A5051420539,1
A5000461245,A5044457466,1
A5000461245,A5036768803,1
A5024882811,A5065002440,1
A5042124823,A5103841741,1
A5063626602,A5087522441,1
A5059943716,A5113960134,1
A5047492027,A5113960134,1
A5029194110,A5113960134,1
A5005784739,A5014398660,1
A5085502627,A5102959668,1
A5026251209,A5102959668,1
A5026251209,A5085502627,1
A5011550028,A5029194110,1
A5017902432,A5020240131,1
A5017630451,A5020240131,1
A5017630451,A5017902432,1
A5064106068,A5070989901,1
A5051420539,A5070989901,1
A5051420539,A5064106068,1
A5044457466,A5064106068,1
A5041930431,A5070989901,1
A5017371231,A5041030590,1
A5041067749,A5093529885,1
A5040311489,A5093529885,1
A5037442851,A5093529885,1
A5005261529,A5093529885,1
A5014398660,A5030108678,1
A5012777963,A5014398660,1
A5088725621,A5102866940,1
A5084402364,A5103166492,1
A5084402364,A5102866940,1
A5084402364,A5088725621,1
A5080779997,A5103166492,1
A5080779997,A5102866940,1
A5080779997,A5084402364,1
A5004914469,A5110543604,1
A5002940946,A5110543604,1
A5002940946,A5004914469,1
A5007902236,A5018453135,1
A5058041943,A5069355721,1
A5017371231,A5101920889,1
A5029194110,A5059943716,1
A5029194110,A5047492027,1
A5011550028,A5113960134,1
A5007586891,A5071622505,1
A5041930431,A5051420539,1
A5041930431,A5044457466,1
A5000327326,A5065084679,1
A5028419362,A5080779997,1
A5028419362,A5064106068,1
A5028419362,A5038515945,1
A5002559612,A5080779997,1
A5007586891,A5040505246,1
A5007586891,A5025053305,1
A5047197688,A5066801456,1
A5038318396,A5066801456,1
A5048393596,A5059532796,1
A5023087125,A5048393596,1
A5102866940,A5103166492,1
A5088725621,A5103166492,1
A5045380712,A5094260459,1
A5045380712,A5055969351,1
A5027626183,A5094260459,1
A5027626183,A5045380712,1
A5013221381,A5094260459,1
A5013221381,A5045380712,1
A5093262335,A5112224103,1
A5071622505,A5112224103,1
A5071622505,A5093262335,1
A5040505246,A5112224103,1
A5040505246,A5093262335,1
A5025053305,A5093262335,1
A5025053305,A5071622505,1
A5025053305,A5040505246,1
A5007586891,A5112224103,1
A5007586891,A5093262335,1
A5036263074,A5038224687,1
A5038512596,A5059818563,1
A5038224687,A5049368053,1
A5017902432,A5049368053,1
A5011002928,A5038224687,1
A5011002928,A5022222180,1
A5011002928,A5017902432,1
A5017322561,A5071622505,1
A5059943716,A5112210571,1
A5048694353,A5114207336,1
A5048694353,A5112210571,1
A5047492027,A5114207336,1
A5047492027,A5112210571,1
A5011550028,A5114207336,1
A5011550028,A5112210571,1
A5055969351,A5094260459,1
A5011550028,A5088112214,1
A5011550028,A5013263403,1
A5038027455,A5062293457,1
A5014849543,A5090217025,1
A5014849543,A5063146616,1
A5014849543,A5062293457,1
A5014849543,A5038027455,1
A5014849543,A5029418432,1
A5014849543,A5023407702,1
A5014849543,A5023330740,1
A5026848239,A5073346040,1
A5112210571,A5114207336,1
A5059943716,A5114207336,1
A5002559612,A5028419362,1
A5010116918,A5042175055,1
A5026069948,A5057313578,1
A5025365913,A5101511338,1
A5080843310,A5102799552,1
A5027626183,A5102799552,1
A5027626183,A5080843310,1
A5002559612,A5102799552,1
A5002559612,A5080843310,1
A5002559612,A5027626183,1
A5070336720,A5084965753,1
A5053758884,A5070336720,1
A5090150599,A5108824645,1
A5067773694,A5108824645,1
A5061332210,A5108824645,1
A5087157415,A5088112214,1
A5013263403,A5088112214,1
A5013263403,A5087157415,1
A5013263403,A5059943716,1
A5051420539,A5065114099,1
A5044457466,A5113095010,1
A5044457466,A5065114099,1
A5067387383,A5103537045,1
A5060329582,A5103537045,1
A5100706111,A5113110767,1
A5079222450,A5113110767,1
A5079222450,A5100706111,1
A5035016214,A5113110767,1
A5021084634,A5113110767,1
A5080779997,A5103237044,1
A5053781215,A5103237044,1
A5005866252,A5103237044,1
A5017322561,A5040505246,1
A5083608652,A5101511338,1
A5029610502,A5101511338,1
A5042124823,A5052030247,1
A5034546401,A5052030247,1
A5030664500,A5073459961,1
A5030664500,A5052030247,1
A5030664500,A5042124823,1
A5030664500,A5034546401,1
A5017715149,A5084724361,1
A5110506743,A5110511488,1
A5062213757,A5086618908,1
A5048183348,A5086618908,1
A5002105010,A5116290772,1
A5002105010,A5116290771,1
A5002105010,A5053781215,1
A5002105010,A5036533532,1
A5065114099,A5113095010,1
A5051420539,A5113095010,1
A5116594726,A5119227420,1
A5085502627,A5119227420,1
A5065661527,A5119227420,1
A5033327204,A5119227420,1
A5116290772,A5116290773,1
A5116290771,A5116290773,1
A5116290771,A5116290772,1
A5053781215,A5116290773,1
A5053781215,A5116290772,1
A5053781215,A5116290771,1
A5036533532,A5116290773,1
A5036533532,A5116290772,1
A5036533532,A5116290771,1
A5036533532,A5053781215,1
A5002105010,A5116290773,1
A5052030247,A5073459961,1
A5052288164,A5070377347,1
A5048183348,A5062213757,1
A5034546401,A5062213757,1
A5074691792,A5086332748,1
A5041857504,A5086332748,1
A5021400778,A5086332748,1
A5021400778,A5074691792,1
A5021012063,A5086332748,1
A5021012063,A5074691792,1
A5001544420,A5036837627,1
A5001544420,A5015871341,1
A5026147008,A5047368456,1
A5009583349,A5047368456,1
A5009583349,A5026147008,1
A5031115092,A5041857504,1
A5021012063,A5031115092,1
A5044457466,A5052754262,1
A5023159609,A5071636476,1
A5023159609,A5052754262,1
A5015026980,A5071636476,1
A5015026980,A5052754262,1
A5102927308,A5112897390,1
A5057664680,A5112897390,1
A5057664680,A5102927308,1
A5006018293,A5112897390,1
A5006018293,A5057664680,1
A5015871341,A5036837627,1
A5008569251,A5089538603,1
A5003405655,A5089538603,1
A5003405655,A5075856345,1
A5003405655,A5008569251,1
A5038318396,A5090683452,1
A5014241408,A5018176357,1
A5034546401,A5118684180,1
A5004961756,A5084724361,1
A5004961756,A5064879374,1
A5010701866,A5057264145,1
A5037183129,A5081096695,1
A5015026980,A5073459961,1
A5011500182,A5087522441,1
A5011500182,A5073459961,1
A5011500182,A5015026980,1
A5002793178,A5015026980,1
A5002793178,A5011500182,1
A5052754262,A5071636476,1
A5051420539,A5071636476,1
A5051420539,A5052754262,1
A5044457466,A5071636476,1
A5025939693,A5088416096,1
A5007422831,A5088416096,1
A5028350394,A5109207169,1
A5059369301,A5088473882,1
A5056572495,A5088473882,1
A5030239070,A5088473882,1
A5025706787,A5088473882,1
A5025706787,A5059369301,1
A5025706787,A5056572495,1
A5012880528,A5088473882,1
A5012880528,A5056572495,1
A5014241408,A5090082232,1
A5014241408,A5064941202,1
A5014241408,A5050003868,1
A5014241408,A5049425830,1
A5014241408,A5024595723,1
A5012146630,A5013034513,1
A5035963786,A5103016041,1
A5088729410,A5101894925,1
A5088729410,A5090433651,1
A5031432477,A5033948811,1
A5090082232,A5112224103,1
A5050003868,A5112224103,1
A5050003868,A5090082232,1
A5018176357,A5112224103,1
A5018176357,A5050003868,1
A5014241408,A5112224103,1
A5009833460,A5088473882,1
A5004322174,A5019304722,1
A5012733014,A5040160298,1
A5009602251,A5086982835,1
A5051420539,A5078964221,1
A5059766483,A5083228311,1
A5034404865,A5103089891,1
A5034404865,A5083228311,1
A5075387597,A5109757260,1
A5075387597,A5090355343,1
A5036669625,A5075387597,1
A5020216796,A5109757260,1
A5020216796,A5090355343,1
A5020216796,A5075387597,1
A5020216796,A5036669625,1
A5013034513,A5109757260,1
A5013034513,A5075387597,1
A5012146630,A5109757260,1
A5012146630,A5090355343,1
A5012146630,A5036669625,1
A5012146630,A5020216796,1
A5044457466,A5078964221,1
A5110607449,A5110895723,1
A5081208249,A5110895723,1
A5066485762,A5110895723,1
A5049491698,A5110895723,1
A5004517478,A5110895723,1
A5004517478,A5110607449,1
A5004517478,A5081208249,1
A5004517478,A5066485762,1
A5004517478,A5049491698,1
A5024933061,A5117522387,1
A5024933061,A5103841741,1
A5024933061,A5053758884,1
A5024933061,A5048825339,1
A5083228311,A5103089891,1
A5059766483,A5103089891,1
A5024595723,A5083344961,1
A5022222180,A5083344961,1
A5022222180,A5064941202,1
A5022222180,A5049425830,1
A5022222180,A5024595723,1
A5019684420,A5083344961,1
A5019684420,A5022222180,1
A5010183979,A5083344961,1
A5010183979,A5024595723,1
A5010183979,A5022222180,1
A5010183979,A5019684420,1
A5103841741,A5117522387,1
A5053758884,A5117522387,1
A5053758884,A5103841741,1
A5048825339,A5117522387,1
A5048825339,A5103841741,1
A5059943716,A5074007901,1
A5047492027,A5074007901,1
A5028031154,A5076825406,1
A5021679180,A5068273355,1
A5021679180,A5063935440,1
A5101470213,A5103273223,1
A5041857504,A5103273223,1
A5041857504,A5101470213,1
A5021012063,A5103273223,1
A5021012063,A5101470213,1
A5002986042,A5103273223,1
A5002986042,A5101470213,1
A5002986042,A5041857504,1
A5002986042,A5021012063,1
A5064941202,A5083344961,1
A5049425830,A5083344961,1
A5052848109,A5082656944,1
A5052848109,A5076960559,1
A5025689986,A5082656944,1
A5025689986,A5076960559,1
A5025689986,A5052848109,1
A5061210584,A5120040693,1
A5024334487,A5120040693,1
A5024334487,A5061210584,1
A5101790622,A5113402617,1
A5082935977,A5103087869,1
A5078715828,A5103087869,1
A5078715828,A5082935977,1
A5069355721,A5082935977,1
A5060108861,A5087196141,1
A5074007901,A5076825406,1
A5059943716,A5076825406,1
A5026069948,A5028031154,1
A5026069948,A5027025696,1
A5024204046,A5076825406,1
A5024204046,A5074007901,1
A5024204046,A5028031154,1
A5024204046,A5027025696,1
A5024204046,A5026069948,1
A5011550028,A5074007901,1
A5087522441,A5101576007,1
A5074864040,A5101576007,1
A5074864040,A5087522441,1
A5017630451,A5052042621,1
A5017630451,A5049491698,1
A5013221381,A5052042621,1
A5013221381,A5049491698,1
A5076960559,A5082656944,1
A5017630451,A5074864040,1
A5017630451,A5044707569,1
A5013221381,A5101576007,1
A5013221381,A5074864040,1
A5013221381,A5044707569,1
A5085041333,A5091241482,1
A5000970662,A5091241482,1
A5052042621,A5055969351,1
A5049491698,A5055969351,1
A5049491698,A5052042621,1
A5027626183,A5052042621,1
A5027626183,A5049491698,1
A5028031154,A5074007901,1
A5027025696,A5076825406,1
A5027025696,A5074007901,1
A5026069948,A5074007901,1
A5123492743,A5123504720,1
A5123453746,A5123535714,1
A5123453746,A5123519363,1
A5123453746,A5123504720,1
A5123453746,A5123492743,1
A5073459961,A5122237725,1
A5070440861,A5122237725,1
A5046957652,A5122237725,1
A5046064974,A5122237725,1
A5042124823,A5122237725,1
A5042124823,A5070440861,1
A5026933239,A5122237725,1
A5044707569,A5101576007,1
A5044707569,A5087522441,1
A5044707569,A5074864040,1
A5017630451,A5101576007,1
A5047197688,A5129597870,1
A5047197688,A5129548215,1
A5047197688,A5047947883,1
A5038318396,A5146762447,1
A5038318396,A5129632839,1
A5038318396,A5129597870,1
A5038318396,A5129548215,1
A5038318396,A5047947883,1
A5112102237,A5126691888,1
A5013127587,A5126691888,1
A5004862081,A5126691888,1
A5123519363,A5123535714,1
A5123504720,A5123535714,1
A5123504720,A5123519363,1
A5123492743,A5123535714,1
A5123492743,A5123519363,1
A5000970662,A5085041333,1
A5000970662,A5023245057,1
A5089198938,A5112747639,1
A5021432908,A5112747639,1
A5006018293,A5112747639,1
A5002042238,A5062772406,1
A5002042238,A5007586891,1
A5129548215,A5146762447,1
A5129548215,A5129632839,1
A5129548215,A5129597870,1
A5047947883,A5146762447,1
A5047947883,A5129632839,1
A5047947883,A5129597870,1
A5047947883,A5129548215,1
A5047197688,A5146762447,1
A5047197688,A5129632839,1
A5008793122,A5058768179,1
A5008793122,A5051661070,1
A5008793122,A5032633013,1
A5008793122,A5026690311,1
A5049580066,A5053501731,1
A5018453135,A5063941525,1
A5026801267,A5033249173,1
A5006018293,A5026801267,1
A5032831208,A5090467867,1
A5032831208,A5080429945,1
A5120236216,A5121813004,1
A5018899828,A5086807894,1
A5129632839,A5146762447,1
A5129597870,A5146762447,1
A5129597870,A5129632839,1
A5018176357,A5086956726,1
A5027626183,A5075368742,1
A5023245057,A5072597169,1
A5071997806,A5083373986,1
A5058768179,A5083373986,1
A5051661070,A5083373986,1
A5051661070,A5071997806,1
A5051661070,A5058768179,1
A5032633013,A5083373986,1
A5032633013,A5051661070,1
A5026690311,A5083373986,1
A5026690311,A5071997806,1
A5026690311,A5058768179,1
A5026690311,A5051661070,1
A5026690311,A5032633013,1
A5008793122,A5083373986,1
A5008793122,A5071997806,1
A5019520689,A5049368053,1
A5013724910,A5080491229,1
A5013724910,A5024874582,1
A5010003509,A5080491229,1
A5010003509,A5069355721,1
A5010003509,A5024874582,1
A5010003509,A5013724910,1
A5073340466,A5074831196,1
A5056494714,A5074831196,1
A5056494714,A5073340466,1
A5053806736,A5074831196,1
A5053806736,A5056494714,1
A5019520689,A5038318396,1
A5011002928,A5038318396,1
A5075368742,A5086982835,1
A5075368742,A5086618908,1
A5003322273,A5033249173,1
A5026069948,A5074831196,1
A5026069948,A5056494714,1
A5034404865,A5080614926,1
A5004701362,A5012338780,1
A5033658609,A5040505246,1
A5033658609,A5035332489,1
A5025590719,A5026094667,1
A5079323310,A5113953148,1
A5019241312,A5079323310,1
A5076124267,A5090433651,1
A5049368053,A5090433651,1
A5038318396,A5090433651,1
A5038318396,A5076124267,1
A5038318396,A5049368053,1
A5019520689,A5076124267,1
A5042527572,A5090433651,1
A5037869911,A5038115887,1
A5024471083,A5038115887,1
A5024471083,A5037869911,1
A5012822591,A5069355721,1
A5012822591,A5038115887,1
A5012822591,A5037869911,1
A5012822591,A5024471083,1
A5006298592,A5038115887,1
A5006298592,A5037869911,1
A5006298592,A5012822591,1
A5072457793,A5101920889,1
A5044933157,A5086618908,1
A5027626183,A5044933157,1
A5003322273,A5076157386,1
A5003322273,A5073235552,1
A5050177003,A5066416631,1
A5047891913,A5088332386,1
A5047891913,A5074067210,1
A5047891913,A5050177003,1
A5031034508,A5074067210,1
A5000461245,A5088332386,1
A5000461245,A5074067210,1
A5000461245,A5066416631,1
A5000461245,A5050177003,1
A5000461245,A5047891913,1
A5000461245,A5031034508,1
A5020216796,A5045227500,1
A5027555713,A5050003868,1
A5024595723,A5058005526,1
A5053776298,A5110780353,1
A5034546401,A5110780353,1
A5015095487,A5057794736,1
A5002850853,A5101576005,1
A5002850853,A5088185702,1
A5002850853,A5015095487,1
A5000631347,A5101576005,1
A5000631347,A5088185702,1
A5000631347,A5015095487,1
A5050003868,A5053606885,1
A5049425830,A5058005526,1
A5037542712,A5058005526,1
A5037542712,A5050003868,1
A5033222070,A5037542712,1
A5074067210,A5088332386,1
A5066416631,A5088332386,1
A5066416631,A5074067210,1
A5050177003,A5074067210,1
A5000463252,A5100447087,1
A5000463252,A5040528731,1
A5073459961,A5112472295,1
A5053606885,A5058005526,1
A5026967586,A5091488919,1
A5026967586,A5083997692,1
A5018311810,A5026967586,1
A5010183979,A5026967586,1
A5047311298,A5070805634,1
A5028031154,A5070805634,1
A5033380280,A5071243914,1
A5033380280,A5040311489,1
A5088185702,A5101576005,1
A5057794736,A5088185702,1
A5015095487,A5101576005,1
A5015095487,A5088185702,1
A5020216796,A5033167027,1
A5013034513,A5088725621,1
A5013034513,A5080779997,1
A5013034513,A5062742513,1
A5013034513,A5050218290,1
A5013034513,A5033167027,1
A5012396628,A5088725621,1
A5012396628,A5062742513,1
A5012396628,A5050218290,1
A5012396628,A5020216796,1
A5012396628,A5013034513,1
A5017630451,A5028230309,1
A5012396628,A5064106068,1
A5012396628,A5038515945,1
A5027025696,A5070805634,1
A5040528731,A5100447087,1
A5090368883,A5103240830,1
A5019483161,A5090368883,1
A5018453135,A5090368883,1
A5002738243,A5090368883,1
A5012520723,A5103237044,1
A5012520723,A5088725621,1
A5062742513,A5088725621,1
A5062742513,A5080779997,1
A5050218290,A5088725621,1
A5050218290,A5080779997,1
A5050218290,A5062742513,1
A5033167027,A5062742513,1
A5033167027,A5050218290,1
A5020216796,A5080779997,1
A5020216796,A5062742513,1
A5020216796,A5050218290,1
A5034546401,A5112472295,1
A5017902432,A5112472295,1
A5002879922,A5112472295,1
A5002879922,A5073459961,1
A5002879922,A5042124823,1
A5002879922,A5034546401,1
A5002879922,A5017902432,1
A5042785180,A5084259985,1
A5017589002,A5084259985,1
A5017589002,A5042785180,1
A5031432477,A5070067415,1
A5020248541,A5079357080,1
A5020248541,A5068596775,1
A5020248541,A5044849326,1
A5000140197,A5044849326,1
A5000140197,A5020248541,1
A5025117133,A5077853279,1
A5025117133,A5033327204,1
A5081663469,A5113953148,1
A5059153287,A5113953148,1
A5059153287,A5081663469,1
A5024639008,A5113953148,1
A5024639008,A5081663469,1
A5024639008,A5059153287,1
A5019241312,A5081663469,1
A5019241312,A5024639008,1
A5063653524,A5067424822,1
A5044849326,A5103162617,1
A5044849326,A5079357080,1
A5044849326,A5068596775,1
A5060108861,A5078331078,1
A5042124823,A5112472295,1
A5037542712,A5089376126,1
A5037542712,A5060108861,1
A5021817826,A5081110033,1
A5021817826,A5069472796,1
A5010423483,A5081110033,1
A5010423483,A5069472796,1
A5069355721,A5112892067,1
A5003030920,A5112892067,1
A5003030920,A5069355721,1
A5081477004,A5090073716,1
A5077853279,A5090073716,1
A5077853279,A5081477004,1
A5033327204,A5090073716,1
A5033327204,A5077853279,1
A5025117133,A5090073716,1
A5025117133,A5081477004,1
A5001960546,A5005563143,1
A5001960546,A5004862081,1
A5038273643,A5101893199,1
A5036482161,A5101893199,1
A5039232943,A5110355464,1
A5015026980,A5028230309,1
A5010899271,A5031083728,1
A5024595723,A5078331078,1
A5024595723,A5050431373,1
A5034546401,A5076768075,1
A5034546401,A5069166021,1
A5034546401,A5063002184,1
A5034546401,A5045297408,1
A5026094667,A5076768075,1
A5026094667,A5069166021,1
A5050431373,A5060108861,1
A5110427059,A5110719844,1
A5026094667,A5045297408,1
A5020240131,A5069166021,1
A5020240131,A5045297408,1
A5055654168,A5090624421,1
A5055654168,A5086316862,1
A5002559612,A5055654168,1
A5070765202,A5110719844,1
A5070765202,A5110427059,1
A5066310608,A5074187313,1
A5062419209,A5074187313,1
A5031858942,A5071692542,1
A5004009482,A5031858942,1
A5001960546,A5017630451,1
A5001960546,A5009602251,1
A5001960546,A5006453990,1
A5001410866,A5003979280,1
A5025590719,A5082631153,1
A5019593867,A5082631153,1
A5019593867,A5025590719,1
A5010178438,A5029610502,1
A5063146616,A5073459961,1
A5036013046,A5074861291,1
A5036013046,A5066416631,1
A5036013046,A5057794736,1
A5026094667,A5036013046,1
A5010701866,A5074861291,1
A5010701866,A5036013046,1
A5010701866,A5026094667,1
A5047330209,A5075448329,1
A5013933547,A5047330209,1
A5005866252,A5047330209,1
A5008751921,A5034546401,1
A5079902526,A5081689354,1
A5013264678,A5083608652,1
A5013264678,A5035963786,1
A5020248541,A5101926033,1
A5020248541,A5062656372,1
A5007586891,A5088416096,1
A5007586891,A5026069948,1
A5036013046,A5090217025,1
A5057794736,A5073459961,1
A5023330740,A5073459961,1
A5006004211,A5047274807,1
A5003979280,A5047274807,1
A5003979280,A5006004211,1
A5001410866,A5047274807,1
A5001410866,A5006004211,1
A5011550028,A5088832385,1
A5027652201,A5063653524,1
A5006018293,A5027652201,1
A5102936730,A5103151426,1
A5030239070,A5102936730,1
A5009833460,A5102936730,1
A5036768674,A5050177003,1
A5031034508,A5036768674,1
A5016808471,A5036768674,1
A5053758884,A5073608397,1
A5045059799,A5073608397,1
A5045059799,A5053758884,1
A5034546401,A5073608397,1
A5034546401,A5045059799,1
A5008751921,A5073608397,1
A5008751921,A5053758884,1
A5060245303,A5071622505,1
A5059943716,A5086353392,1
A5059943716,A5071622505,1
A5059943716,A5060245303,1
A5031059519,A5086353392,1
A5031059519,A5071622505,1
A5031059519,A5060245303,1
A5031059519,A5059943716,1
A5088832385,A5111509479,1
A5059943716,A5111509479,1
A5059943716,A5088832385,1
A5057056085,A5111509479,1
A5057056085,A5088832385,1
A5047492027,A5111509479,1
A5047492027,A5088832385,1
A5011550028,A5111509479,1
A5014506887,A5034546401,1
A5045503427,A5090433651,1
A5045503427,A5062618224,1
A5071622505,A5077138155,1
A5040505246,A5077138155,1
A5082026895,A5089819152,1
A5041067749,A5089819152,1
A5041067749,A5082026895,1
A5040311489,A5082026895,1
A5020748514,A5089819152,1
A5020748514,A5082026895,1
A5020748514,A5041067749,1
A5020748514,A5040311489,1
A5010178438,A5050223232,1
A5071622505,A5086353392,1
A5060245303,A5086353392,1
A5019348822,A5090217025,1
A5019348822,A5073459961,1
A5019348822,A5063146616,1
A5019348822,A5062293457,1
A5019348822,A5057794736,1
A5019348822,A5029418432,1
A5019348822,A5023407702,1
A5019348822,A5023330740,1
A5031645938,A5069746060,1
A5022094259,A5069746060,1
A5034546401,A5085409101,1
A5073116234,A5101995849,1
A5053758884,A5089269361,1
A5034546401,A5089269361,1
A5014506887,A5089269361,1
A5014506887,A5053758884,1
A5051316283,A5073235552,1
A5037183129,A5076157386,1
A5037183129,A5073235552,1
A5037183129,A5051316283,1
A5030801010,A5076157386,1
A5030801010,A5073235552,1
A5030801010,A5037183129,1
A5026660785,A5108824645,1
A5026660785,A5031645938,1
A5023029871,A5108824645,1
A5023029871,A5026660785,1
A5036424834,A5037183129,1
A5000631347,A5045248167,1
A5035753099,A5073340466,1
A5033679975,A5073340466,1
A5033679975,A5035753099,1
A5021823095,A5036424834,1
A5037799996,A5077156163,1
A5031083728,A5037799996,1
A5010116918,A5037799996,1
A5010116918,A5031083728,1
A5006018293,A5037799996,1
A5029807656,A5080084743,1
A5073038673,A5081477004,1
A5027842064,A5081477004,1
A5014977427,A5100642331,1
A5023551106,A5046865734,1
A5057264145,A5074861291,1
A5045248167,A5074861291,1
A5045248167,A5066416631,1
A5045248167,A5057794736,1
A5045248167,A5057264145,1
A5011550028,A5015568605,1
A5007422831,A5023072071,1
A5000266601,A5083997692,1
A5000266601,A5080823565,1
A5000266601,A5069164387,1
A5000266601,A5046865734,1
A5000266601,A5039600986,1
A5000266601,A5023358975,1
A5013148353,A5033249173,1
A5031661472,A5086421485,1
A5029830340,A5086421485,1
A5029830340,A5031661472,1
A5002105010,A5086421485,1
A5002105010,A5029830340,1
A5035354513,A5036472135,1
A5021823095,A5037183129,1
A5013127587,A5080612617,1
A5013127587,A5080429945,1
A5013127587,A5017063496,1
A5039600986,A5083997692,1
A5039600986,A5080823565,1
A5039600986,A5069164387,1
A5039600986,A5046865734,1
A5023358975,A5039600986,1
A5012801017,A5086982835,1
A5012801017,A5020364433,1
A5023072071,A5025939693,1
A5015568605,A5084261893,1
A5015568605,A5047492027,1
A5015568605,A5026069948,1
A5015568605,A5025939693,1
A5015568605,A5023072071,1
A5014207727,A5077070822,1
A5043949581,A5073589897,1
A5043949581,A5067773694,1
A5043949581,A5061332210,1
A5031645938,A5043949581,1
A5022094259,A5043949581,1
A5006248832,A5043949581,1
A5053806736,A5116297131,1
A5053240074,A5103271031,1
A5067142114,A5111126107,1
A5030644538,A5111126107,1
A5014207727,A5064809855,1
A5014207727,A5045279933,1
A5045297408,A5081110597,1
A5007422831,A5015568605,1
A5073346040,A5107710509,1
A5035016214,A5048728149,1
A5035016214,A5044879191,1
A5021084634,A5048728149,1
A5021084634,A5044879191,1
A5086982835,A5103240830,1
A5083299566,A5086982835,1
A5019483161,A5086982835,1
A5049782941,A5108783705,1
A5049782941,A5080812083,1
A5027555713,A5080812083,1
A5027555713,A5049782941,1
A5018176357,A5049782941,1
A5010183979,A5049782941,1
A5064809855,A5077070822,1
A5045279933,A5077070822,1
A5045279933,A5064809855,1
A5013706069,A5014169006,1
A5030644538,A5081316231,1
A5030644538,A5067142114,1
A5012880528,A5030644538,1
A5009833460,A5030644538,1
A5063653524,A5066981828,1
A5013516547,A5063653524,1
A5000583133,A5071188883,1
A5063147015,A5069355721,1
A5048728149,A5078715828,1
A5048728149,A5069355721,1
A5048728149,A5063147015,1
A5044879191,A5078715828,1
A5044879191,A5069355721,1
A5044879191,A5063147015,1
A5044879191,A5048728149,1
A5006646766,A5066416631,1
A5006646766,A5062164415,1
A5013463278,A5040160298,1
A5081929438,A5088507712,1
A5078169644,A5088507712,1
A5078169644,A5081929438,1
A5071188883,A5081929438,1
A5071188883,A5078169644,1
A5000583133,A5088507712,1
A5000583133,A5081929438,1
A5036325148,A5078715828,1
A5021084634,A5036325148,1
A5014169006,A5036325148,1
A5014169006,A5021084634,1
A5013706069,A5078715828,1
A5013706069,A5036325148,1
A5011884068,A5030239070,1
A5009833460,A5048023155,1
A5009833460,A5011884068,1
A5024816932,A5068220235,1
A5022594833,A5068220235,1
A5022594833,A5024816932,1
A5002850853,A5074861291,1
A5002850853,A5066416631,1
A5002850853,A5026094667,1
A5027626183,A5048588886,1
A5066310608,A5067042969,1
A5006766624,A5029610502,1
A5066416631,A5075448329,1
A5062164415,A5075448329,1
A5062164415,A5066416631,1
A5006646766,A5075448329,1
A5038318396,A5054545108,1
A5101260759,A5117536938,1
A5071622505,A5117536938,1
A5040505246,A5117536938,1
A5081391162,A5117453926,1
A5026251209,A5117453926,1
A5002178779,A5018529879,1
A5048023155,A5081316231,1
A5048023155,A5059369301,1
A5048023155,A5056572495,1
A5030239070,A5048023155,1
A5011884068,A5112597245,1
A5011884068,A5081316231,1
A5011884068,A5059369301,1
A5011884068,A5056572495,1
A5011884068,A5048023155,1
A5013049127,A5064106068,1
A5013049127,A5038515945,1
A5013049127,A5033167027,1
A5016641432,A5049368053,1
A5011002928,A5090390838,1
A5011002928,A5016641432,1
A5048477492,A5072001735,1
A5059369301,A5112597245,1
A5059369301,A5081316231,1
A5056572495,A5112597245,1
A5056572495,A5081316231,1
A5048023155,A5112597245,1
A5060672157,A5076793638,1
A5054545108,A5076793638,1
A5054545108,A5060672157,1
A5038318396,A5060672157,1
A5023072071,A5059153287,1
A5023072071,A5023132584,1
A5017715149,A5059153287,1
A5017715149,A5023132584,1
A5090390838,A5111894635,1
A5049368053,A5090390838,1
A5016641432,A5111894635,1
A5016641432,A5090390838,1
A5082408767,A5104297663,1
A5014832940,A5104297663,1
A5009952690,A5104297663,1
A5053758884,A5100323065,1
A5034546401,A5100323065,1
A5055758464,A5103131773,1
A5053806736,A5103131773,1
A5053806736,A5055758464,1
A5031499508,A5041749289,1
A5027681748,A5067165664,1
A5027681748,A5041749289,1
A5027681748,A5031499508,1
A5010423483,A5067165664,1
A5010423483,A5031499508,1
A5010423483,A5027681748,1
A5050431373,A5090082232,1
A5050431373,A5053606885,1
A5049425830,A5050431373,1
A5033112329,A5036111737,1
A5022489631,A5050906628,1
A5022489631,A5036111737,1
A5022489631,A5033112329,1
A5000447662,A5022489631,1
A5023132584,A5059153287,1
A5072789566,A5072899468,1
A5011002928,A5072899468,1
A5011002928,A5072789566,1
A5084570842,A5088473882,1
A5069897245,A5088473882,1
A5069897245,A5084570842,1
A5036098773,A5088473882,1
A5036098773,A5084570842,1
A5036098773,A5069897245,1
A5009465064,A5084570842,1
A5009465064,A5069897245,1
A5009465064,A5036098773,1
A5025906348,A5031956577,1
A5005147545,A5031956577,1
A5001313271,A5062164415,1
A5031499508,A5067165664,1
A5047891913,A5066873919,1
A5047891913,A5053178632,1
A5047214809,A5069166021,1
A5047214809,A5066873919,1
A5047214809,A5066416631,1
A5047214809,A5057794736,1
A5047214809,A5047891913,1
A5042841296,A5066873919,1
A5042841296,A5053178632,1
A5042841296,A5047214809,1
A5013933547,A5069166021,1
A5013933547,A5066873919,1
A5013933547,A5066416631,1
A5013933547,A5057794736,1
A5013933547,A5047891913,1
A5013933547,A5042841296,1
A5053926014,A5119051963,1
A5026251209,A5119051963,1
A5026251209,A5053926014,1
A5075448329,A5091446332,1
A5047214809,A5091446332,1
A5047214809,A5053781215,1
A5022627944,A5091446332,1
A5022627944,A5053781215,1
A5040311489,A5053781215,1
A5023407702,A5037018597,1
A5030538703,A5087975242,1
A5066873919,A5069166021,1
A5066416631,A5066873919,1
A5057794736,A5066873919,1
A5053178632,A5066873919,1
A5047891913,A5069166021,1
A5101340264,A5108146749,1
A5028972310,A5085486855,1
A5073346040,A5092377812,1
A5036482161,A5092377812,1
A5035016214,A5085295667,1
A5006890968,A5085295667,1
A5006890968,A5035016214,1
A5108830407,A5109598529,1
A5052658985,A5109598529,1
A5052658985,A5108830407,1
A5037018597,A5090217025,1
A5037018597,A5073459961,1
A5037018597,A5062293457,1
A5034546401,A5037018597,1
A5029418432,A5037018597,1
A5017715149,A5023072071,1
A5050158335,A5114150134,1
A5050158335,A5087392291,1
A5050158335,A5080823565,1
A5050158335,A5054050021,1
A5046865734,A5087392291,1
A5046865734,A5054050021,1
A5046865734,A5050158335,1
A5023358975,A5054050021,1
A5023358975,A5050158335,1
A5061332210,A5068487510,1
A5042124823,A5068487510,1
A5033145374,A5042124823,1
A5044342349,A5101255496,1
A5059379146,A5090355343,1
A5108146749,A5109707396,1
A5101340264,A5109707396,1
A5080823565,A5114150134,1
A5031034508,A5101995849,1
A5031034508,A5090355343,1
A5031034508,A5078794332,1
A5031034508,A5057726299,1
A5031034508,A5036669625,1
A5013034513,A5031034508,1
A5002178779,A5101995849,1
A5002178779,A5090355343,1
A5002178779,A5078794332,1
A5002178779,A5057726299,1
A5002178779,A5036669625,1
A5002178779,A5013034513,1
A5054050021,A5114150134,1
A5054050021,A5087392291,1
A5054050021,A5080823565,1
A5006018293,A5091546774,1
A5040409375,A5066485762,1
A5019241312,A5040409375,1
A5031034508,A5054343281,1
A5021077730,A5054343281,1
A5021077730,A5031034508,1
A5016808471,A5054343281,1
A5016808471,A5021077730,1
A5023159609,A5086372724,1
A5040393459,A5086618908,1
A5027850066,A5086618908,1
A5027850066,A5040393459,1
A5027626183,A5040393459,1
A5027626183,A5027850066,1
A5017630451,A5040393459,1
A5087392291,A5114150134,1
A5026251209,A5035731800,1
A5073652274,A5094106121,1
A5073652274,A5081763579,1
A5019005107,A5073652274,1
A5063653524,A5087975565,1
A5041857504,A5087975565,1
A5013463278,A5087975565,1
A5013463278,A5041857504,1
A5028988732,A5074026220,1
A5028988732,A5062790934,1
A5028988732,A5038273643,1
A5028988732,A5031628312,1
A5028988732,A5031606609,1
A5074691792,A5091546774,1
A5017049663,A5091546774,1
A5017049663,A5074691792,1
A5027626183,A5032051911,1
A5036957578,A5089671786,1
A5017630451,A5032051911,1
A5005563143,A5032051911,1
A5004862081,A5032051911,1
A5004508317,A5066416631,1
A5004508317,A5047891913,1
A5062790934,A5074026220,1
A5038273643,A5074026220,1
A5031628312,A5074026220,1
A5031606609,A5074026220,1
A5081110597,A5126040684,1
A5019990117,A5102660856,1
A5047492027,A5064340404,1
A5036600203,A5084490550,1
A5036600203,A5064340404,1
A5090624421,A5101995849,1
A5078794332,A5090624421,1
A5013034513,A5090624421,1
A5000520204,A5090624421,1
A5008654902,A5069223568,1
A5008654902,A5066214932,1
A5008654902,A5026147008,1
A5062245218,A5073654003,1
A5035802374,A5062245218,1
A5014242162,A5073654003,1
A5014242162,A5062245218,1
A5014242162,A5035802374,1
A5031389493,A5040311489,1
A5001313271,A5031389493,1
A5032051911,A5086618908,1
A5032051911,A5034546401,1
A5041498736,A5081763579,1
A5019005107,A5041498736,1
A5005410561,A5041498736,1
A5047122419,A5052886178,1
A5066214932,A5069223568,1
A5026147008,A5069223568,1
A5007586891,A5053741406,1
A5073752100,A5083001525,1
A5005876361,A5083001525,1
A5005876361,A5073752100,1
A5005876361,A5044457466,1
A5004303971,A5083001525,1
A5004303971,A5073752100,1
A5004303971,A5044457466,1
A5004303971,A5005876361,1
A5021026307,A5057963158,1
A5064268630,A5073589897,1
A5064268630,A5067773694,1
A5061332210,A5064268630,1
A5047867624,A5064268630,1
A5031645938,A5064268630,1
A5022094259,A5064268630,1
A5014596910,A5064268630,1
A5009602251,A5057460589,1
A5009602251,A5012777963,1
A5005563143,A5061210584,1
A5005563143,A5057460589,1
A5005563143,A5012777963,1
A5038318396,A5091211661,1
A5011753164,A5017255643,1
A5035963786,A5083344863,1
A5041498736,A5086919974,1
A5062865348,A5100576364,1
A5059943716,A5100576364,1
A5088229368,A5103089891,1
A5081026081,A5103089891,1
A5081026081,A5088229368,1
A5045334540,A5088229368,1
A5045334540,A5081026081,1
A5040875367,A5081026081,1
A5042785180,A5062150823,1
A5012777963,A5061210584,1
A5012777963,A5057460589,1
A5009602251,A5061210584,1
A5006018293,A5021026307,1
A5013034513,A5015187790,1
A5064268630,A5115060530,1
A5064268630,A5092703108,1
A5024595723,A5080812083,1
A5018176357,A5110387989,1
A5018176357,A5087196141,1
A5018176357,A5053606885,1
A5014872133,A5085108241,1
A5014872133,A5040311489,1
A5013108200,A5085108241,1
A5013108200,A5040311489,1
A5013108200,A5014872133,1
A5054689700,A5072170613,1
A5041930431,A5054689700,1
A5021391565,A5072170613,1
A5021391565,A5054689700,1
A5021391565,A5041930431,1
A5002559612,A5054689700,1
A5002559612,A5021391565,1
A5031278564,A5057128302,1
A5031278564,A5044126451,1
A5005018486,A5057128302,1
A5005018486,A5044126451,1
A5071243914,A5093056985,1
A5090082232,A5110387989,1
A5087196141,A5110387989,1
A5087196141,A5090082232,1
A5080812083,A5110387989,1
A5080812083,A5090082232,1
A5080812083,A5087196141,1
A5064941202,A5110387989,1
A5053606885,A5110387989,1
A5053606885,A5087196141,1
A5053606885,A5080812083,1
A5024595723,A5110387989,1
A5023245057,A5111294758,1
A5016740299,A5111294758,1
A5016740299,A5023245057,1
A5075366163,A5108003570,1
A5072001735,A5108003570,1
A5072001735,A5075366163,1
A5044457466,A5108003570,1
A5044457466,A5075366163,1
A5044457466,A5072001735,1
A5077070822,A5090433651,1
A5070111950,A5090433651,1
A5070111950,A5077070822,1
A5009529184,A5090433651,1
A5042124823,A5113162389,1
A5017902432,A5113162389,1
A5044126451,A5057128302,1
A5028689525,A5090217025,1
A5028689525,A5078024597,1
A5028689525,A5057794736,1
A5006018293,A5066490232,1
A5033853707,A5066310608,1
A5033853707,A5062419209,1
A5022403231,A5040160298,1
A5056530896,A5101673684,1
A5055250831,A5056530896,1
A5018936749,A5101673684,1
A5018936749,A5056530896,1
A5018936749,A5055250831,1
A5012338780,A5101673684,1
A5012338780,A5055250831,1
A5012338780,A5018936749,1
A5010116918,A5061172959,1
A5081059658,A5102782791,1
A5068261748,A5102782791,1
A5052555436,A5102782791,1
A5035332489,A5102782791,1
A5017676510,A5102782791,1
A5017676510,A5081059658,1
A5017676510,A5068261748,1
A5017676510,A5052555436,1
A5017676510,A5035332489,1
A5007254582,A5102782791,1
A5007254582,A5081059658,1
A5007254582,A5068261748,1
A5007254582,A5052555436,1
A5007254582,A5035332489,1
A5007254582,A5017676510,1
A5057794736,A5078024597,1
A5050948286,A5077030794,1
A5006248832,A5064268630,1
A5090082232,A5108993759,1
A5034546401,A5108993759,1
A5068442803,A5101790622,1
A5009743546,A5086544103,1
A5084484448,A5094033661,1
A5012733014,A5094033661,1
A5012495167,A5094033661,1
A5048531108,A5050948286,1
A5045248167,A5050948286,1
A5026094667,A5077030794,1
A5026094667,A5050948286,1
A5026094667,A5048531108,1
A5020961266,A5050948286,1
A5020961266,A5026094667,1
A5013892483,A5042838760,1
A5068774980,A5085108241,1
A5066485762,A5068774980,1
A5040311489,A5068774980,1
A5087073647,A5089607531,1
A5084919011,A5087073647,1
A5061176866,A5089607531,1
A5061176866,A5087073647,1
A5061176866,A5084919011,1
A5031115092,A5087073647,1
A5031115092,A5061176866,1
A5038318396,A5038936614,1
A5026094667,A5045227500,1
A5002618368,A5045227500,1
A5062865348,A5078715828,1
A5062865348,A5069355721,1
A5043335336,A5079761664,1
A5043335336,A5079036759,1
A5043335336,A5052115873,1
A5025378270,A5079036759,1
A5025378270,A5052115873,1
A5025378270,A5043335336,1
A5057959785,A5101717625,1
A5028689525,A5101717625,1
A5025759149,A5047976578,1
A5004862081,A5047976578,1
A5046809062,A5078773782,1
A5029610502,A5078773782,1
A5019835850,A5078773782,1
A5012495167,A5084484448,1
A5048694353,A5061360842,1
A5026251209,A5042838760,1
A5083344961,A5100447087,1
A5014832940,A5083344961,1
A5047197688,A5075716334,1
A5064941202,A5073195098,1
A5031793915,A5046404853,1
A5026147008,A5046404853,1
A5067773694,A5108808689,1
A5061332210,A5108808689,1
A5031645938,A5108808689,1
A5013744005,A5108808689,1
A5013744005,A5067773694,1
A5013744005,A5061332210,1
A5013744005,A5031645938,1
A5079036759,A5079761664,1
A5052115873,A5079761664,1
A5052115873,A5079036759,1
A5087522441,A5087866569,1
A5047167379,A5090433651,1
A5040930757,A5090433651,1
A5040930757,A5047167379,1
A5055334212,A5103282510,1
A5055334212,A5075448329,1
A5047214809,A5103282510,1
A5047214809,A5055334212,1
A5023072071,A5103282510,1
A5023072071,A5075448329,1
A5023072071,A5055334212,1
A5075096817,A5103237044,1
A5041930431,A5075096817,1
A5019241312,A5068774980,1
A5019241312,A5040311489,1
A5038273643,A5062860048,1
A5013933547,A5023072071,1
A5013933547,A5022627944,1
A5005866252,A5103282510,1
A5005866252,A5055334212,1
A5005866252,A5023072071,1
A5005866252,A5022627944,1
A5071692542,A5103293405,1
A5073654003,A5100720936,1
A5035802374,A5100720936,1
A5070772259,A5090217025,1
A5046572459,A5070772259,1
A5090433651,A5092794030,1
A5089269361,A5109247358,1
A5072001735,A5109247358,1
A5087866569,A5108862568,1
A5087522441,A5108862568,1
A5071622505,A5099475536,1
A5040505246,A5099475536,1
A5034144507,A5085021151,1
A5091552283,A5093504018,1
A5068119494,A5093504018,1
A5068119494,A5091552283,1
A5063856302,A5093504018,1
A5063856302,A5091552283,1
A5053806736,A5093504018,1
A5007586891,A5093504018,1
A5007586891,A5091552283,1
A5007586891,A5063856302,1
A5076014201,A5080086413,1
A5022627944,A5103282510,1
A5022627944,A5055334212,1
A5013933547,A5055334212,1
A5085290806,A5086332748,1
A5048694353,A5116642258,1
A5048694353,A5086332748,1
A5026069948,A5116642258,1
A5014041682,A5116642258,1
A5014041682,A5086332748,1
A5014041682,A5085290806,1
A5014041682,A5048694353,1
A5059943716,A5112191756,1
A5047492027,A5112191756,1
A5011550028,A5112191756,1
A5012338780,A5107812939,1
A5000583133,A5107812939,1
A5000583133,A5012338780,1
A5081059658,A5113389731,1
A5041857504,A5064763663,1
A5073346040,A5087504073,1
A5090082232,A5119527901,1
A5064941202,A5119527901,1
A5060108861,A5119527901,1
A5060108861,A5090082232,1
A5049425830,A5119527901,1
A5049425830,A5060108861,1
A5024595723,A5119527901,1
A5045334540,A5076543858,1
A5040875367,A5076543858,1
A5020635693,A5076543858,1
A5020635693,A5045334540,1
A5020635693,A5040875367,1
A5040160298,A5061172959,1
A5086332748,A5116642258,1
A5085290806,A5116642258,1
A5060672157,A5101923117,1
A5032466831,A5048024414,1
A5055981367,A5089095849,1
A5047492027,A5055981367,1
A5020522702,A5055981367,1
A5084883789,A5101875393,1
A5000447662,A5084883789,1
A5010116918,A5113941756,1
A5038318396,A5041170160,1
A5025378270,A5033758441,1
A5036482161,A5057979110,1
A5005354711,A5057979110,1
A5005354711,A5057893478,1
A5005354711,A5036482161,1
A5020683087,A5103293405,1
A5004009482,A5103293405,1
A5034546401,A5068487510,1
A5034546401,A5067773694,1
A5034546401,A5062772406,1
A5034546401,A5039282707,1
A5033145374,A5111386501,1
A5033145374,A5039282707,1
A5033145374,A5034546401,1
A5031645938,A5039282707,1
A5023029871,A5111386501,1
A5023029871,A5067773694,1
A5023029871,A5062772406,1
A5023029871,A5039282707,1
A5023125705,A5092176152,1
A5023125705,A5091552283,1
A5026251209,A5071368653,1
A5013892483,A5071368653,1
A5039282707,A5068487510,1
A5062772406,A5079444680,1
A5014358402,A5079444680,1
A5014358402,A5065084679,1
A5044829429,A5100447087,1
A5034826249,A5100447087,1
A5034826249,A5044829429,1
A5014832940,A5044829429,1
A5014832940,A5034826249,1
A5009952690,A5100447087,1
A5009952690,A5044829429,1
A5009952690,A5034826249,1
A5001828581,A5100447087,1
A5039282707,A5067773694,1
A5039282707,A5062772406,1
A5034546401,A5111386501,1
A5111126107,A5112597245,1
A5025590719,A5069166021,1
A5083183471,A5105940160,1
A5102873669,A5113612380,1
A5020191664,A5092663451,1
A5061210584,A5092263048,1
A5004916530,A5092263048,1
A5073459961,A5111386501,1
A5068487510,A5111386501,1
A5067773694,A5073459961,1
A5067773694,A5068487510,1
A5062772406,A5111386501,1
A5062772406,A5073459961,1
A5062772406,A5068487510,1
A5039282707,A5111386501,1
A5039282707,A5073459961,1
A5015434288,A5098971911,1
A5015434288,A5017715149,1
A5015184266,A5091095181,1
A5098770230,A5103162617,1
A5090467867,A5101349492,1
A5070720376,A5101349492,1
A5057378918,A5101349492,1
A5057378918,A5070720376,1
A5041857504,A5082874697,1
A5012733014,A5082874697,1
A5012733014,A5075533434,1
A5012733014,A5041857504,1
A5017902432,A5064574318,1
A5109537295,A5113129362,1
A5026887549,A5113129362,1
A5026887549,A5109537295,1
A5001828581,A5044829429,1
A5001828581,A5034826249,1
A5001828581,A5009952690,1
A5069118398,A5073340466,1
A5040547635,A5073340466,1
A5040547635,A5069118398,1
A5040547635,A5062772406,1
A5033145374,A5040547635,1
A5002290659,A5073340466,1
A5002290659,A5069118398,1
A5002290659,A5062772406,1
A5002290659,A5040547635,1
A5002290659,A5033145374,1
A5017715149,A5098971911,1
A5015434288,A5101370403,1
A5015434288,A5098971912,1
A5075134588,A5090217025,1
A5020240131,A5090217025,1
A5020240131,A5075134588,1
A5013221381,A5090217025,1
A5013221381,A5075134588,1
A5013221381,A5020240131,1
A5002793178,A5020240131,1
A5034546401,A5106257319,1
A5056011196,A5082162766,1
A5045920327,A5082162766,1
A5045920327,A5056011196,1
A5098971912,A5101370403,1
A5098971911,A5101370403,1
A5098971911,A5098971912,1
A5017715149,A5101370403,1
A5017715149,A5098971912,1
A5040160298,A5066981828,1
A5006018293,A5116578375,1
A5031115092,A5059943716,1
A5031115092,A5047492027,1
A5028541290,A5059943716,1
A5028541290,A5047492027,1
A5028541290,A5031115092,1
A5027025696,A5031115092,1
A5027025696,A5028541290,1
A5011550028,A5028541290,1
A5000779424,A5028541290,1
A5000779424,A5027025696,1
A5044232447,A5080777319,1
A5098776137,A5103240830,1
A5000313996,A5103240830,1
A5008788983,A5068837175,1
A5063653524,A5074691792,1
A5062440673,A5097250506,1
A5006018293,A5097250506,1
A5073346040,A5118667380,1
A5058041943,A5117796026,1
A5050391301,A5117796026,1
A5050391301,A5058041943,1
A5021287076,A5072018191,1
A5009465064,A5073792243,1
A5014358402,A5053806736,1
A5073340466,A5082697247,1
A5014041682,A5082697247,1
A5113302931,A5116578375,1
A5066981828,A5116578375,1
A5066981828,A5113302931,1
A5040160298,A5116578375,1
A5066416631,A5112737858,1
A5047891913,A5118984055,1
A5047891913,A5113995097,1
A5047891913,A5112737858,1
A5033939436,A5118984055,1
A5033939436,A5113995097,1
A5033939436,A5112737858,1
A5033939436,A5093061408,1
A5033939436,A5066416631,1
A5033939436,A5047891913,1
A5031034508,A5118984055,1
A5031034508,A5113995097,1
A5031034508,A5112737858,1
A5031034508,A5033939436,1
A5074691792,A5097250506,1
A5063653524,A5097250506,1
A5031432477,A5055891303,1
A5021084634,A5028230309,1
A5076825406,A5080807707,1
A5073340466,A5080807707,1
A5068119494,A5080807707,1
A5068119494,A5076825406,1
A5042124823,A5092618829,1
A5031034508,A5103011661,1
A5027842064,A5103011661,1
A5027842064,A5031034508,1
A5016808471,A5103011661,1
A5093061408,A5118984055,1
A5093061408,A5113995097,1
A5093061408,A5112737858,1
A5066416631,A5118984055,1
A5066416631,A5113995097,1
A5005760445,A5031661472,1
A5005760445,A5028128325,1
A5002105010,A5028128325,1
A5002105010,A5005760445,1
A5010183979,A5069577259,1
A5069557176,A5102939119,1
A5053758884,A5102939119,1
A5053758884,A5069557176,1
A5026858372,A5043955192,1
A5026858372,A5041067749,1
A5026858372,A5040311489,1
A5072001735,A5101546525,1
A5058095067,A5101546525,1
A5113995097,A5118984055,1
A5112737858,A5118984055,1
A5112737858,A5113995097,1
A5061546844,A5103146401,1
A5061546844,A5063935440,1
A5051541232,A5076717940,1
A5047787800,A5076717940,1
A5047787800,A5051541232,1
A5080812083,A5086956726,1
A5067278927,A5080812083,1
A5010236603,A5086807894,1
A5031165598,A5084543636,1
A5019277484,A5084543636,1
A5019277484,A5031165598,1
A5007651617,A5057443007,1
A5027555713,A5067278927,1
A5016808471,A5033327204,1
A5016808471,A5027842064,1
A5028128325,A5031661472,1
A5004159752,A5026094667,1
A5004159752,A5020240131,1
A5000779424,A5073459961,1
A5000779424,A5042124823,1
A5000779424,A5034546401,1
A5000779424,A5026094667,1
A5000779424,A5020240131,1
A5000779424,A5004159752,1
A5010742979,A5022962678,1
A5056751208,A5057573861,1
A5092188644,A5102524384,1
A5075533434,A5102524384,1
A5075533434,A5092188644,1
A5041857504,A5102524384,1
A5041857504,A5092188644,1
A5063935440,A5103146401,1
A5009374065,A5115826097,1
A5009374065,A5073340466,1
A5009374065,A5047492027,1
A5090217025,A5114174572,1
A5090082232,A5114174572,1
A5090082232,A5090217025,1
A5002793178,A5114174572,1
A5105049438,A5108960243,1
A5105049438,A5108327742,1
A5032466831,A5108960243,1
A5032466831,A5108327742,1
A5032466831,A5105049438,1
A5007586891,A5052981439,1
A5001588661,A5073346040,1
A5026094667,A5073459961,1
A5026094667,A5042124823,1
A5002793178,A5090082232,1
A5042390295,A5043462047,1
A5053806736,A5065084679,1
A5073340466,A5079299338,1
A5007586891,A5053644947,1
A5076265511,A5116023721,1
A5066310608,A5116023721,1
A5048167717,A5116023721,1
A5103162617,A5115525465,1
A5006396489,A5082109754,1
A5006396489,A5075448329,1
A5044457466,A5107200649,1
A5108327742,A5108960243,1
A5073340466,A5115826097,1
A5047492027,A5115826097,1
A5026069948,A5115826097,1
A5031034508,A5116786984,1
A5031034508,A5086225695,1
A5031034508,A5081110597,1
A5025590719,A5093061408,1
A5025590719,A5031034508,1
A5018529879,A5116786984,1
A5018529879,A5093061408,1
A5018529879,A5086225695,1
A5018529879,A5081110597,1
A5018529879,A5025590719,1
A5039590830,A5048531108,1
A5039590830,A5045248167,1
A5020961266,A5039590830,1
A5064268630,A5101790622,1
A5053644947,A5089095849,1
A5053644947,A5078024597,1
A5062781019,A5070295392,1
A5019005107,A5070295392,1
A5019005107,A5062781019,1
A5003135331,A5070295392,1
A5026069948,A5101790622,1
A5026069948,A5064728333,1
A5006004211,A5101790622,1
A5006004211,A5064728333,1
A5069964635,A5116835588,1
A5093061408,A5116786984,1
A5086225695,A5093061408,1
A5081110597,A5116786984,1
A5081110597,A5093061408,1
A5081110597,A5086225695,1
A5066416631,A5116786984,1
A5066416631,A5081110597,1
A5086316862,A5093392219,1
A5064106068,A5093392219,1
A5038515945,A5093392219,1
A5053501731,A5112401432,1
A5061854577,A5117140280,1
A5061854577,A5117140278,1
A5061854577,A5117140277,1
A5061854577,A5064264542,1
A5056976681,A5118513357,1
A5017584673,A5118241754,1
A5053093478,A5087975565,1
A5004740474,A5087975565,1
A5054818593,A5085088183,1
A5054818593,A5081103870,1
A5044457466,A5054818593,1
A5067165664,A5070295392,1
A5029170470,A5102799552,1
A5029170470,A5051420539,1
A5029170470,A5044457466,1
A5023159609,A5029170470,1
A5075141001,A5090349730,1
A5071243914,A5075141001,1
A5040311489,A5075141001,1
A5002841864,A5090349730,1
A5002841864,A5075141001,1
A5006248832,A5018695852,1
A5003135331,A5067165664,1
A5003135331,A5062781019,1
A5003135331,A5019005107,1
A5000583133,A5070295392,1
A5000583133,A5062781019,1
A5063544173,A5093371558,1
A5028435265,A5093392219,1
A5028435265,A5086316862,1
A5028435265,A5064106068,1
A5028435265,A5038515945,1
A5053413295,A5064106068,1
A5038515945,A5053413295,1
A5033786548,A5053413295,1
A5033327204,A5071844397,1
A5038530099,A5059532796,1
A5073879769,A5084261893,1
A5047492027,A5073879769,1
A5011550028,A5073879769,1
A5002793178,A5088397405,1
A5002793178,A5053240927,1
A5002793178,A5021939980,1
A5029170470,A5103630333,1
A5047167379,A5113587607,1
A5047167379,A5102011254,1
A5047167379,A5089603500,1
A5029426031,A5033249173,1
A5019003378,A5029426031,1
A5041930431,A5097223000,1
A5005018486,A5113276021,1
A5019483161,A5053961447,1
A5004322174,A5019483161,1
A5002377476,A5053961447,1
A5002377476,A5019483161,1
A5002377476,A5004322174,1
A5081141055,A5086618908,1
A5036070326,A5106964927,1
A5073459961,A5088397405,1
A5053240927,A5088397405,1
A5059773730,A5080018290,1
A5050003868,A5080018290,1
A5050003868,A5059773730,1
A5008569251,A5080018290,1
A5008569251,A5050003868,1
A5002306216,A5051420539,1
A5002306216,A5044457466,1
A5002306216,A5023159609,1
A5028413352,A5047150116,1
A5011002928,A5076771365,1
A5076265511,A5120149207,1
A5066310608,A5120149207,1
A5065546318,A5089603500,1
A5102011254,A5113587607,1
A5089603500,A5113587607,1
A5089603500,A5102011254,1
A5069355721,A5075368742,1
A5041748841,A5108783705,1
A5073459961,A5120355925,1
A5042124823,A5120355925,1
A5019003378,A5113941756,1
A5047150116,A5069592654,1
A5028413352,A5069592654,1
A5087522441,A5104489655,1
A5073459961,A5104489655,1
A5017630451,A5104489655,1
A5013221381,A5104489655,1
A5002793178,A5104489655,1
A5002793178,A5017630451,1
A5037183129,A5105989508,1
A5033249173,A5105989508,1
A5080018290,A5086956726,1
A5007598777,A5123846520,1
A5007598777,A5123837735,1
A5007598777,A5093634779,1
A5018443975,A5084786224,1
A5018443975,A5042785180,1
A5018443975,A5029426031,1
A5018443975,A5028230309,1
A5059943716,A5089285324,1
A5013477317,A5089285324,1
A5101790622,A5122030537,1
A5076793638,A5122030537,1
A5076793638,A5101790622,1
A5020542809,A5122030537,1
A5020542809,A5101790622,1
A5020542809,A5076793638,1
A5003957478,A5121092998,1
A5014041682,A5058954230,1
A5126910535,A5126912964,1
A5113365334,A5126912964,1
A5113365334,A5126910535,1
A5062213757,A5126912964,1
A5062213757,A5126910535,1
A5062213757,A5113365334,1
A5045248167,A5126912964,1
A5045248167,A5126910535,1
A5045248167,A5113365334,1
A5045248167,A5062213757,1
A5093056986,A5126747660,1
A5034546401,A5124873140,1
A5123837735,A5123846520,1
A5093634779,A5123846520,1
A5093634779,A5123837735,1
A5128633371,A5128686991,1
A5128633371,A5128681640,1
A5128633371,A5128674464,1
A5128633371,A5128670573,1
A5128633371,A5128668783,1
A5128632102,A5128686991,1
A5128632102,A5128681640,1
A5128632102,A5128674464,1
A5128632102,A5128670573,1
A5128632102,A5128668783,1
A5128632102,A5128633371,1
A5058954230,A5088779191,1
A5058954230,A5076825406,1
A5053806736,A5058954230,1
A5026069948,A5058954230,1
A5025923074,A5058954230,1
A5130226173,A5130231603,1
A5130223621,A5130231603,1
A5130223621,A5130226173,1
A5130221139,A5130231603,1
A5130221139,A5130226173,1
A5130221139,A5130223621,1
A5128681640,A5128686991,1
A5128674464,A5128686991,1
A5128674464,A5128681640,1
A5128670573,A5128686991,1
A5128670573,A5128681640,1
A5128670573,A5128674464,1
A5128668783,A5128686991,1
A5128668783,A5128681640,1
A5128668783,A5128674464,1
A5128668783,A5128670573,1
A5065661527,A5103011661,1
A5038026169,A5071622505,1
A5038026169,A5040505246,1
A5020465705,A5071622505,1
A5020465705,A5040505246,1
A5020465705,A5038026169,1
A5061985799,A5066485762,1
A5048476385,A5061985799,1
A5019104005,A5066485762,1
A5019104005,A5061985799,1
A5084439389,A5092920313,1
A5084439389,A5091093231,1
A5084439389,A5090246221,1
A5035753099,A5092920313,1
A5035753099,A5084439389,1
A5007422831,A5130272749,1
A5026933239,A5137739096,1
A5017630451,A5137739096,1
A5136492472,A5136497627,1
A5113110767,A5136497627,1
A5113110767,A5136492472,1
A5134709558,A5134732191,1
A5092176152,A5134732191,1
A5092176152,A5134709558,1
A5091552283,A5134732191,1
A5091552283,A5134709558,1
A5038515551,A5047083535,1
A5090433651,A5133739463,1
A5057028183,A5133739463,1
A5091093231,A5092920313,1
A5090246221,A5092920313,1
A5090246221,A5091093231,1
A5021084634,A5034046770,1
A5009743546,A5034046770,1
A5055797952,A5112729088,1
A5059981027,A5102739886,1
A5028241479,A5102739886,1
A5028241479,A5059981027,1
A5006018293,A5102739886,1
A5006018293,A5059981027,1
A5073146384,A5113960134,1
A5052288164,A5113960134,1
A5052288164,A5073146384,1
A5018985591,A5113960134,1
A5018985591,A5052288164,1
A5093995975,A5137739096,1
A5073459961,A5137739096,1
A5042124823,A5137739096,1
A5021794390,A5063653524,1
A5021794390,A5033249173,1
A5013463278,A5033249173,1
A5013463278,A5021794390,1
A5004492086,A5033249173,1
A5004492086,A5021794390,1
A5004492086,A5013463278,1
A5041749289,A5074990725,1
A5010423483,A5074990725,1
A5049425830,A5089538603,1
A5037183129,A5037730591,1
A5029610502,A5037730591,1
A5029610502,A5037183129,1
A5000528082,A5013724910,1
A5019104005,A5048476385,1
A5034046770,A5035016214,1
A5018311810,A5090433651,1
A5018311810,A5090107096,1
A5018311810,A5058041943,1
A5018311810,A5052816258,1
A5010183979,A5090433651,1
A5010183979,A5090107096,1
A5010183979,A5089301360,1
A5010183979,A5052816258,1
A5084919011,A5089642876,1
A5063612224,A5076014201,1
A5055807516,A5076014201,1
A5055807516,A5063612224,1
A5055807516,A5057979110,1
A5011273441,A5076014201,1
A5011273441,A5063612224,1
A5011273441,A5057979110,1
A5089301360,A5090433651,1
A5089301360,A5090107096,1
A5083997692,A5090433651,1
A5083997692,A5090107096,1
A5083997692,A5089301360,1
A5058041943,A5091488919,1
A5058041943,A5090433651,1
A5058041943,A5090107096,1
A5058041943,A5089301360,1
A5058041943,A5083997692,1
A5052816258,A5091488919,1
A5052816258,A5090433651,1
A5052816258,A5090107096,1
A5052816258,A5089301360,1
A5052816258,A5083997692,1
A5052816258,A5058041943,1
A5012013776,A5044306408,1
A5006018293,A5028241479,1
A5081077236,A5089003638,1
A5042037210,A5089003638,1
A5042037210,A5081077236,1
A5041030590,A5089003638,1
A5011442831,A5091095181,1
A5011442831,A5071622505,1
A5011442831,A5040505246,1
A5027850066,A5065929835,1
A5017630451,A5065929835,1
A5012013776,A5029418432,1
A5012013776,A5023407702,1
A5090433651,A5091488919,1
A5090107096,A5091488919,1
A5090107096,A5090433651,1
A5049531400,A5064941202,1
A5049531400,A5051204036,1
A5049425830,A5087196141,1
A5049425830,A5051204036,1
A5049425830,A5049531400,1
A5027555713,A5051204036,1
A5027555713,A5049531400,1
A5004952938,A5087196141,1
A5004952938,A5051204036,1
A5004952938,A5049531400,1
A5004952938,A5049425830,1
A5004952938,A5027555713,1
A5032861045,A5059532796,1
A5030734030,A5059532796,1
A5030734030,A5032861045,1
A5012013776,A5090217025,1
A5046133977,A5090355343,1
A5046133977,A5072097210,1
A5046133977,A5057726299,1
A5046133977,A5057438514,1
A5036669625,A5072097210,1
A5036669625,A5057438514,1
A5007987351,A5042124823,1
A5007987351,A5034546401,1
A5076825406,A5084261893,1
A5051204036,A5089376126,1
A5051204036,A5087196141,1
A5051204036,A5086956726,1
A5051204036,A5064941202,1
A5049531400,A5089376126,1
A5049531400,A5087196141,1
A5049531400,A5086956726,1
A5072097210,A5090355343,1
A5009602251,A5065929835,1
A5009602251,A5027850066,1
A5005563143,A5065929835,1
A5005563143,A5027850066,1
A5004862081,A5065929835,1
A5025610668,A5057128302,1
A5015145344,A5057128302,1
A5057726299,A5072097210,1
A5057438514,A5090355343,1
A5057438514,A5072097210,1
A5057438514,A5057726299,1
A5050062793,A5090355343,1
A5050062793,A5072097210,1
A5050062793,A5057726299,1
A5050062793,A5057438514,1
A5047492027,A5108719553,1
A5015145344,A5048138937,1
A5015145344,A5025610668,1
A5064264542,A5086812162,1
A5023072071,A5108719553,1
A5021781544,A5108719553,1
A5021781544,A5059943716,1
A5021781544,A5047492027,1
A5021781544,A5023072071,1
A5011550028,A5108719553,1
A5011550028,A5021781544,1
A5005701860,A5108719553,1
A5005701860,A5023072071,1
A5005701860,A5021781544,1
A5026026392,A5064879374,1
A5026026392,A5036533532,1
A5053994700,A5088725621,1
A5033167027,A5103237044,1
A5033167027,A5053994700,1
A5004281534,A5103237044,1
A5004281534,A5088725621,1
A5004281534,A5053994700,1
A5004281534,A5033167027,1
A5048476385,A5112568120,1
A5043484380,A5112568120,1
A5043484380,A5048476385,1
A5028350394,A5112568120,1
A5028350394,A5048476385,1
A5005210595,A5112568120,1
A5005210595,A5048476385,1
A5040160298,A5071797796,1
A5059943716,A5108719553,1
A5027842064,A5070670335,1
A5027842064,A5058211283,1
A5027399724,A5070670335,1
A5027399724,A5065661527,1
A5027399724,A5058211283,1
A5027399724,A5033327204,1
A5027399724,A5027842064,1
A5012873341,A5070670335,1
A5012873341,A5065661527,1
A5012873341,A5058211283,1
A5012873341,A5033327204,1
A5012873341,A5027842064,1
A5012873341,A5027399724,1
A5036482161,A5113934241,1
A5012158091,A5113934241,1
A5053994700,A5103237044,1
A5020216796,A5036768803,1
A5020216796,A5026084950,1
A5004740474,A5086812162,1
A5041551948,A5066310608,1
A5027996244,A5033367071,1
A5048075938,A5101576007,1
A5048075938,A5069166021,1
A5048075938,A5066416631,1
A5042841296,A5101576007,1
A5042841296,A5048075938,1
A5073984703,A5081749435,1
A5065661527,A5070670335,1
A5058211283,A5070670335,1
A5058211283,A5065661527,1
A5033327204,A5070670335,1
A5033327204,A5058211283,1
A5037702563,A5056637194,1
A5034004789,A5037702563,1
A5055807516,A5082035971,1
A5011273441,A5082035971,1
A5011273441,A5038273643,1
A5073346040,A5086699972,1
A5062440673,A5089198938,1
A5007377181,A5062440673,1
A5026107537,A5081337244,1
A5082162766,A5082312603,1
A5038318396,A5082312603,1
A5024208978,A5082312603,1
A5024208978,A5038318396,1
A5025212989,A5072296680,1
A5025212989,A5038273643,1
A5026084950,A5036768803,1
A5005689338,A5079574080,1
A5005689338,A5064879374,1
A5005689338,A5053781215,1
A5005689338,A5019570921,1
A5002592308,A5091446332,1
A5002592308,A5079574080,1
A5002592308,A5064879374,1
A5002592308,A5053781215,1
A5002592308,A5019570921,1
A5002592308,A5005689338,1
A5073267332,A5088725621,1
A5070989901,A5088725621,1
A5070989901,A5073267332,1
A5044457466,A5088725621,1
A5044457466,A5073267332,1
A5040217092,A5090217025,1
A5053781215,A5064879374,1
A5063246525,A5086812162,1
A5040160298,A5086812162,1
A5036790075,A5086812162,1
A5036790075,A5064264542,1
A5036790075,A5063246525,1
A5036790075,A5040160298,1
A5013516547,A5086812162,1
A5013516547,A5063246525,1
A5013516547,A5036790075,1
A5009583349,A5086812162,1
A5009583349,A5063246525,1
A5009583349,A5036790075,1
A5019570921,A5064879374,1
A5019570921,A5053781215,1
A5005689338,A5091446332,1
A5000867618,A5077112506,1
A5000867618,A5066981828,1
A5000867618,A5047368456,1
A5000867618,A5021400778,1
A5000867618,A5013516547,1
A5000867618,A5013264678,1
A5010787200,A5069175255,1
A5010787200,A5052783073,1
A5051372723,A5078162024,1
A5038318396,A5078162024,1
A5038318396,A5051372723,1
A5062408098,A5078715828,1
A5004862081,A5062408098,1
A5064879374,A5091446332,1
A5064879374,A5079574080,1
A5053781215,A5079574080,1
A5006018293,A5036790075,1
A5006018293,A5009583349,1
A5052658985,A5090246221,1
A5045755997,A5050177003,1
A5031034508,A5045755997,1
A5018529879,A5045755997,1
A5016808471,A5045755997,1
A5047368456,A5077112506,1
A5021400778,A5077112506,1
A5021400778,A5066981828,1
A5021400778,A5047368456,1
A5013516547,A5047368456,1
A5013516547,A5021400778,1
A5013264678,A5077112506,1
A5013264678,A5047368456,1
A5013264678,A5021400778,1
A5033222070,A5073984703,1
A5027555713,A5073984703,1
A5024595723,A5073984703,1
A5019684420,A5073984703,1
A5025906348,A5078715828,1
A5025906348,A5051208730,1
A5047231854,A5078715828,1
A5039711351,A5078715828,1
A5039711351,A5047231854,1
A5021084634,A5047231854,1
A5011467407,A5078715828,1
A5011467407,A5047231854,1
A5011467407,A5039711351,1
A5066981828,A5087689698,1
A5026147008,A5087689698,1
A5066981828,A5077112506,1
A5052619774,A5102966525,1
A5052619774,A5083979492,1
A5052619774,A5066981828,1
A5041857504,A5102966525,1
A5041857504,A5083979492,1
A5041857504,A5052619774,1
A5018532571,A5102966525,1
A5018532571,A5083979492,1
A5018532571,A5066981828,1
A5018532571,A5052619774,1
A5018532571,A5041857504,1
A5073984703,A5112224103,1
A5073984703,A5086956726,1
A5064941202,A5073984703,1
A5053606885,A5073984703,1
A5049425830,A5073984703,1
A5052658985,A5110604923,1
A5052658985,A5091093231,1
A5036525946,A5110604923,1
A5036525946,A5091093231,1
A5036525946,A5052658985,1
A5064106068,A5101995849,1
A5064106068,A5090355343,1
A5064106068,A5078794332,1
A5036669625,A5064106068,1
A5013034513,A5064106068,1
A5000520204,A5064106068,1
A5071692542,A5111913186,1
A5004009482,A5111913186,1
A5083979492,A5102966525,1
A5066981828,A5102966525,1
A5066981828,A5083979492,1
A5000867618,A5026147008,1
A5016808471,A5018529879,1
A5042636020,A5052658985,1
A5034354055,A5042636020,1
A5015947864,A5080429945,1
A5015947864,A5029168958,1
A5017902432,A5089106380,1
A5074763737,A5082492289,1
A5072001735,A5074763737,1
A5071243914,A5074763737,1
A5057979110,A5084637606,1
A5057979110,A5073346040,1
A5057979110,A5072097210,1
A5057893478,A5084637606,1
A5022094259,A5112035207,1
A5091093231,A5110604923,1
A5053835262,A5060753541,1
A5053605893,A5064800829,1
A5053605893,A5060753541,1
A5053605893,A5053835262,1
A5046133977,A5064800829,1
A5046133977,A5060753541,1
A5046133977,A5053835262,1
A5046133977,A5053605893,1
A5036669625,A5064800829,1
A5036669625,A5060753541,1
A5036669625,A5053835262,1
A5036669625,A5053605893,1
A5014237074,A5019483161,1
A5004862081,A5019483161,1
A5004862081,A5014237074,1
A5000867618,A5031793915,1
A5012887931,A5069164387,1
A5012887931,A5046865734,1
A5012887931,A5040470125,1
A5012887931,A5023358975,1
A5012887931,A5013527058,1
A5032450354,A5090433651,1
A5032450354,A5085951867,1
A5032450354,A5071188883,1
A5018936749,A5090433651,1
A5018936749,A5085951867,1
A5018936749,A5071188883,1
A5018936749,A5032450354,1
A5044060086,A5053776298,1
A5034546401,A5044060086,1
A5060753541,A5064800829,1
A5053835262,A5064800829,1
A5040653604,A5069223568,1
A5015993895,A5069223568,1
A5053806736,A5075084435,1
A5031432477,A5075084435,1
A5040470125,A5080823565,1
A5040470125,A5069164387,1
A5040470125,A5046865734,1
A5023358975,A5040470125,1
A5013527058,A5083997692,1
A5013527058,A5080823565,1
A5013527058,A5069164387,1
A5013527058,A5046865734,1
A5013527058,A5040470125,1
A5013527058,A5023358975,1
A5012887931,A5083997692,1
A5012887931,A5080823565,1
A5066485762,A5080491891,1
A5049491698,A5080491891,1
A5047231854,A5080491891,1
A5031016161,A5052658985,1
A5031016161,A5034354055,1
A5028246703,A5078678970,1
A5040170495,A5069223568,1
A5031793915,A5040170495,1
A5034219252,A5082109754,1
A5034219252,A5075448329,1
A5057963158,A5094332444,1
A5019003378,A5057963158,1
A5006018293,A5094332444,1
A5006018293,A5019003378,1
A5040470125,A5083997692,1
A5059197775,A5074763737,1
A5053093478,A5063653524,1
A5040160298,A5053093478,1
A5031083728,A5063653524,1
A5031083728,A5053093478,1
A5004740474,A5031083728,1
A5086114878,A5108782382,1
A5072669372,A5108782382,1
A5072669372,A5086114878,1
A5055807516,A5108782382,1
A5055807516,A5086114878,1
A5055807516,A5072669372,1
A5038273643,A5108782382,1
A5038273643,A5086114878,1
A5038273643,A5072669372,1
A5080491891,A5110607449,1
A5080491891,A5081208249,1
A5010381561,A5088473882,1
A5010381561,A5082349810,1
A5036472135,A5073459961,1
A5063759232,A5090217025,1
A5063759232,A5074861291,1
A5057794736,A5063759232,1
A5025450575,A5090217025,1
A5025450575,A5074861291,1
A5025450575,A5066416631,1
A5025450575,A5063759232,1
A5025450575,A5057794736,1
A5025327926,A5080161224,1
A5016798694,A5080161224,1
A5015352277,A5080161224,1
A5034092934,A5041857504,1
A5034092934,A5063147015,1
A5012396628,A5033786548,1
A5012396628,A5022603864,1
A5036482161,A5101791033,1
A5090587162,A5104127375,1
A5089497182,A5104127375,1
A5089497182,A5090587162,1
A5062865348,A5104127375,1
A5062865348,A5090587162,1
A5062865348,A5089497182,1
A5006004211,A5104127375,1
A5006004211,A5090587162,1
A5006004211,A5089497182,1
A5064879374,A5084261893,1
A5047492027,A5064879374,1
A5026069948,A5064879374,1
A5011550028,A5064879374,1
A5051420539,A5101465479,1
A5003721673,A5014832940,1
A5004116267,A5080429945,1
A5004116267,A5020674036,1
A5004116267,A5007814949,1
A5074691792,A5094332444,1
A5064264542,A5094332444,1
A5064264542,A5074691792,1
A5062440673,A5094332444,1
A5051420539,A5063132962,1
A5044457466,A5101465479,1
A5044457466,A5067992470,1
A5044457466,A5063132962,1
A5033167027,A5033786548,1
A5022603864,A5080779997,1
A5022603864,A5033167027,1
A5022627944,A5035946099,1
A5017238371,A5104297534,1
A5017238371,A5102662424,1
A5017238371,A5047214809,1
A5017238371,A5035946099,1
A5017238371,A5023072071,1
A5017238371,A5022627944,1
A5007704084,A5074523887,1
A5082551840,A5101556764,1
A5077070822,A5101556764,1
A5077070822,A5082551840,1
A5009529184,A5101556764,1
A5009529184,A5082551840,1
A5067992470,A5101465479,1
A5063132962,A5101465479,1
A5063132962,A5067992470,1
A5063102299,A5101887722,1
A5015110305,A5028831195,1
A5028972310,A5113344727,1
A5002836964,A5113344727,1
A5023018580,A5090433651,1
A5102662424,A5104297534,1
A5047214809,A5104297534,1
A5047214809,A5102662424,1
A5035946099,A5104297534,1
A5035946099,A5102662424,1
A5035946099,A5047214809,1
A5023072071,A5104297534,1
A5023072071,A5102662424,1
A5023072071,A5035946099,1
A5022627944,A5104297534,1
A5022627944,A5102662424,1
A5045992329,A5090433651,1
A5019520689,A5045992329,1
A5011002928,A5045992329,1
A5036691522,A5038318396,1
A5014848687,A5036691522,1
A5033327204,A5066416631,1
A5021075384,A5033327204,1
A5019014195,A5066416631,1
A5019014195,A5033327204,1
A5019014195,A5021075384,1
A5085088183,A5113917842,1
A5053994700,A5113917842,1
A5053994700,A5085088183,1
A5043467483,A5057747634,1
A5017521183,A5057747634,1
A5017521183,A5043467483,1
A5018548426,A5112489874,1
A5018548426,A5034546401,1
A5017902432,A5112489874,1
A5025906348,A5047231854,1
A5053633847,A5056751208,1
A5090217025,A5101576005,1
A5047270988,A5101576005,1
A5047270988,A5090217025,1
A5045248167,A5101576005,1
A5045248167,A5047270988,1
A5020042787,A5091241482,1
A5007848553,A5091241482,1
A5007848553,A5020042787,1
A5005227894,A5091241482,1
A5005227894,A5020042787,1
A5005227894,A5007848553,1
A5011346777,A5101875393,1
A5062440673,A5064264542,1
A5040160298,A5094332444,1
A5040160298,A5074691792,1
A5040160298,A5062440673,1
A5009583349,A5094332444,1
A5009583349,A5074691792,1
A5009583349,A5062440673,1
A5050177003,A5085190907,1
A5031034508,A5085190907,1
A5022314056,A5085190907,1
A5016358600,A5076405301,1
A5089607531,A5089927918,1
A5031115092,A5089927918,1
A5000779424,A5089927918,1
A5034546401,A5112489874,1
A5070528963,A5113392757,1
A5048024414,A5113392757,1
A5048024414,A5070528963,1
A5099012803,A5102662151,1
A5066310608,A5093770293,1
A5013477317,A5111113384,1
A5031860141,A5093061445,1
A5029337399,A5069352449,1
A5040160298,A5041857504,1
A5021432908,A5055029983,1
A5021432908,A5041857504,1
A5021432908,A5040160298,1
A5013516547,A5055029983,1
A5013516547,A5021432908,1
A5006018293,A5055029983,1
A5038273643,A5089526520,1
A5055845851,A5113960134,1
A5055845851,A5066485762,1
A5050509988,A5055845851,1
A5047231854,A5113960134,1
A5047231854,A5055845851,1
A5047231854,A5050509988,1
A5029809705,A5055845851,1
A5029809705,A5047231854,1
A5013941854,A5113960134,1
A5013941854,A5066485762,1
A5013941854,A5055845851,1
A5070805634,A5084261893,1
A5053917313,A5070805634,1
A5053644947,A5084261893,1
A5053644947,A5053917313,1
A5021314217,A5051705376,1
A5006914354,A5030525642,1
A5006018293,A5030525642,1
A5006018293,A5006914354,1
A5034092934,A5042785180,1
A5004862081,A5034092934,1
A5052981439,A5059943716,1
A5033950224,A5059943716,1
A5033950224,A5052981439,1
A5033950224,A5047492027,1
A5011550028,A5052981439,1
A5011550028,A5033950224,1
A5008569251,A5078476175,1
A5008569251,A5034144507,1
A5022314056,A5050177003,1
A5022314056,A5031034508,1
A5048893961,A5073632742,1
A5019402069,A5037869911,1
A5019402069,A5031887494,1
A5050281649,A5060203132,1
A5039088323,A5080429945,1
A5029168958,A5039088323,1
A5019763501,A5080429945,1
A5019763501,A5039088323,1
A5019763501,A5029168958,1
A5010852295,A5080429945,1
A5010852295,A5039088323,1
A5010852295,A5029168958,1
A5010852295,A5019763501,1
A5021939980,A5028698580,1
A5019558879,A5062671586,1
A5004649569,A5062671586,1
A5031993847,A5066310608,1
A5066660246,A5141827364,1
A5034138959,A5057979110,1
A5033471756,A5034138959,1
A5032740684,A5057979110,1
A5032740684,A5034138959,1
A5032740684,A5033471756,1
A5004301418,A5057979110,1
A5004301418,A5034138959,1
A5004301418,A5033471756,1
A5004301418,A5032740684,1
A5037972132,A5073346040,1
A5066744948,A5084490550,1
A5027871716,A5084490550,1
A5025365913,A5084490550,1
A5025365913,A5027871716,1
A5019402069,A5085204710,1
A5017831735,A5036669625,1
A5006667910,A5061859499,1
A5006667910,A5050062793,1
A5006667910,A5046133977,1
A5006667910,A5036669625,1
A5006667910,A5017831735,1
A5061140852,A5091757459,1
A5039307999,A5091757459,1
A5039307999,A5061140852,1
A5032013474,A5091757459,1
A5032013474,A5061140852,1
A5032013474,A5039307999,1
A5020451688,A5091757459,1
A5020451688,A5061140852,1
A5020451688,A5039307999,1
A5020451688,A5032013474,1
A5006386816,A5074671883,1
A5006386816,A5041003391,1
A5006386816,A5023411796,1
A5063146616,A5102713901,1
A5062293457,A5102713901,1
A5033853118,A5102713901,1
A5079121886,A5081059658,1
A5083299566,A5111021549,1
A5036918477,A5111021549,1
A5019304722,A5111021549,1
A5019304722,A5036918477,1
A5050062793,A5061859499,1
A5046133977,A5061859499,1
A5036669625,A5061859499,1
A5017831735,A5050062793,1
A5017831735,A5046133977,1
A5006018293,A5071318792,1
A5006018293,A5015497125,1
A5031645938,A5110937755,1
A5043763784,A5081689354,1
A5003957478,A5081689354,1
A5074671883,A5081315806,1
A5074671883,A5077168763,1
A5041003391,A5081315806,1
A5041003391,A5077168763,1
A5041003391,A5074671883,1
A5035016214,A5081315806,1
A5035016214,A5074671883,1
A5023411796,A5041003391,1
A5023411796,A5035016214,1
A5006386816,A5081315806,1
A5006386816,A5077168763,1
A5009670909,A5056558000,1
A5009670909,A5053660871,1
A5009670909,A5012530243,1
A5063653524,A5071318792,1
A5055268601,A5071318792,1
A5016085788,A5071318792,1
A5016085788,A5063653524,1
A5016085788,A5055268601,1
A5015497125,A5071318792,1
A5015497125,A5063653524,1
A5015497125,A5055268601,1
A5015497125,A5016085788,1
A5013463278,A5071318792,1
A5013463278,A5055268601,1
A5013463278,A5016085788,1
A5013463278,A5015497125,1
A5012530243,A5056558000,1
A5013941854,A5050509988,1
A5013941854,A5047231854,1
A5013941854,A5029809705,1
A5055969351,A5075366163,1
A5027626183,A5075366163,1
A5006453990,A5075366163,1
A5006453990,A5055969351,1
A5006453990,A5027626183,1
A5005563143,A5075366163,1
A5005563143,A5055969351,1
A5108721665,A5113960134,1
A5076621868,A5113960134,1
A5076621868,A5108721665,1
A5012530243,A5053660871,1
A5009670909,A5084261893,1
A5013264678,A5035741733,1
A5013264678,A5035236333,1
A5013264678,A5030801010,1
A5013264678,A5024204046,1
A5013264678,A5015265071,1
A5057438514,A5073346040,1
A5019882980,A5057438514,1
A5069930372,A5114150134,1
A5069164387,A5114150134,1
A5069164387,A5069930372,1
A5046865734,A5069930372,1
A5023358975,A5069930372,1
A5056558000,A5084261893,1
A5053660871,A5084261893,1
A5053660871,A5056558000,1
A5012530243,A5084261893,1
A5015265071,A5066981828,1
A5015265071,A5053151573,1
A5015265071,A5035741733,1
A5015265071,A5035236333,1
A5015265071,A5030801010,1
A5015265071,A5027871716,1
A5015265071,A5024204046,1
A5013516547,A5076085284,1
A5013516547,A5053151573,1
A5013516547,A5035741733,1
A5013516547,A5030801010,1
A5013516547,A5027871716,1
A5013516547,A5024204046,1
A5013516547,A5015265071,1
A5013264678,A5076085284,1
A5013264678,A5053151573,1
A5030801010,A5035741733,1
A5030801010,A5035236333,1
A5027871716,A5076085284,1
A5027871716,A5066981828,1
A5027871716,A5053151573,1
A5027871716,A5035741733,1
A5027871716,A5035236333,1
A5027871716,A5030801010,1
A5024204046,A5076085284,1
A5024204046,A5066981828,1
A5024204046,A5053151573,1
A5024204046,A5035741733,1
A5024204046,A5035236333,1
A5024204046,A5030801010,1
A5024204046,A5027871716,1
A5015265071,A5076085284,1
A5044306408,A5066744948,1
A5000574681,A5066744948,1
A5000574681,A5057794736,1
A5000574681,A5044306408,1
A5053151573,A5076085284,1
A5053151573,A5066981828,1
A5035741733,A5076085284,1
A5035741733,A5066981828,1
A5035741733,A5053151573,1
A5035236333,A5076085284,1
A5035236333,A5066981828,1
A5035236333,A5053151573,1
A5035236333,A5035741733,1
A5030801010,A5076085284,1
A5030801010,A5066981828,1
A5030801010,A5053151573,1
A5056451014,A5076621868,1
A5056451014,A5066485762,1
A5050509988,A5108721665,1
A5050509988,A5076621868,1
A5029809705,A5108721665,1
A5029809705,A5076621868,1
A5042392705,A5059592851,1
A5004060919,A5059592851,1
A5004060919,A5042392705,1
A5056661911,A5056751208,1
A5054545108,A5090433651,1
A5054545108,A5085951867,1
A5013724910,A5088883540,1
A5013724910,A5078715828,1
A5013724910,A5037702563,1
A5057794736,A5066744948,1
A5004439939,A5041429880,1
A5004439939,A5036422604,1
A5004439939,A5017369229,1
A5012777963,A5074299570,1
A5018899828,A5069723518,1
A5040160298,A5071318792,1
A5047492027,A5066744948,1
A5022273907,A5066744948,1
A5019183960,A5066744948,1
A5019183960,A5022273907,1
A5011550028,A5066744948,1
A5005701860,A5066744948,1
A5028294826,A5039088323,1
A5066485762,A5108721665,1
A5066485762,A5076621868,1
A5056451014,A5108721665,1
A5026737078,A5081763579,1
A5019005107,A5026737078,1
A5005410561,A5026737078,1
A5000583133,A5026737078,1
A5067165664,A5069532779,1
A5039088323,A5069532779,1
A5039088323,A5067165664,1
A5000583133,A5069532779,1
A5047228765,A5084837306,1
A5041429880,A5074286956,1
A5036422604,A5074286956,1
A5036422604,A5041429880,1
A5017369229,A5074286956,1
A5017369229,A5041429880,1
A5017369229,A5036422604,1
A5004439939,A5074286956,1
A5021165605,A5050391301,1
A5021165605,A5036956123,1
A5006004211,A5079130890,1
A5006004211,A5059246583,1
A5006004211,A5050391301,1
A5006004211,A5036956123,1
A5006004211,A5021165605,1
A5009587082,A5089198938,1
A5078402714,A5086225695,1
A5047614183,A5086225695,1
A5047614183,A5078402714,1
A5012456671,A5078402714,1
A5012456671,A5047614183,1
A5033732334,A5066310608,1
A5038273643,A5056174263,1
A5026737078,A5086919974,1
A5046586351,A5086600726,1
A5038273643,A5046586351,1
A5036482161,A5086600726,1
A5036482161,A5046586351,1
A5029956530,A5086600726,1
A5029956530,A5046586351,1
A5029956530,A5038273643,1
A5029956530,A5036482161,1
A5059246583,A5079130890,1
A5050391301,A5079130890,1
A5050391301,A5059246583,1
A5036956123,A5079130890,1
A5036956123,A5059246583,1
A5036956123,A5050391301,1
A5021165605,A5079130890,1
A5021165605,A5059246583,1
A5051316283,A5101250736,1
A5033249173,A5101434854,1
A5033249173,A5101250736,1
A5019003378,A5102991299,1
A5019003378,A5101434854,1
A5019003378,A5101250736,1
A5021817826,A5055907928,1
A5021817826,A5052288164,1
A5015529806,A5021817826,1
A5012668377,A5021817826,1
A5048721572,A5092703108,1
A5048721572,A5067773694,1
A5048721572,A5061332210,1
A5031645938,A5048721572,1
A5022094259,A5048721572,1
A5006248832,A5048721572,1
A5026147008,A5071673570,1
A5066744948,A5080248969,1
A5027592374,A5080248969,1
A5027592374,A5066744948,1
A5021977025,A5035963786,1
A5101434854,A5102991299,1
A5101250736,A5102991299,1
A5101250736,A5101434854,1
A5076157386,A5102991299,1
A5076157386,A5101434854,1
A5076157386,A5101250736,1
A5069056768,A5102991299,1
A5069056768,A5101434854,1
A5069056768,A5101250736,1
A5069056768,A5076157386,1
A5051316283,A5101434854,1
A5026533698,A5079574080,1
A5026533698,A5077290953,1
A5026533698,A5036781459,1
A5019570921,A5077290953,1
A5019570921,A5036781459,1
A5019570921,A5026533698,1
A5005184476,A5091446332,1
A5005184476,A5079574080,1
A5005184476,A5077290953,1
A5005184476,A5036781459,1
A5005184476,A5026533698,1
A5005184476,A5019570921,1
A5035753099,A5080429945,1
A5017630451,A5035753099,1
A5015110305,A5040408363,1
A5031793915,A5071673570,1
A5006004211,A5108721665,1
A5006004211,A5076621868,1
A5006004211,A5066485762,1
A5006004211,A5056451014,1
A5006004211,A5050509988,1
A5006004211,A5029809705,1
A5043335336,A5073038673,1
A5043335336,A5065661527,1
A5033327204,A5043335336,1
A5006004211,A5080201661,1
A5077290953,A5091446332,1
A5077290953,A5079574080,1
A5036781459,A5091446332,1
A5036781459,A5079574080,1
A5036781459,A5077290953,1
A5026533698,A5091446332,1
A5034138959,A5080086413,1
A5031628312,A5034138959,1
A5044933157,A5087522441,1
A5004862081,A5087522441,1
A5000526932,A5112664275,1
A5000526932,A5101875393,1
A5000447662,A5112664275,1
A5000447662,A5000526932,1
A5050100660,A5103162617,1
A5038318396,A5050100660,1
A5036482161,A5056945853,1
A5028427474,A5056945853,1
A5019263447,A5056945853,1
A5020248541,A5064906662,1
A5000447662,A5064906662,1
A5006004211,A5113960134,1
A5000628105,A5072979994,1
A5000628105,A5057979110,1
A5000628105,A5023769048,1
A5077712487,A5080086413,1
A5038273643,A5080086413,1
A5038273643,A5077712487,1
A5012609153,A5078715828,1
A5028230309,A5053053156,1
A5006890968,A5028230309,1
A5019005107,A5082656944,1
A5019005107,A5056751208,1
A5019005107,A5039088323,1
A5027813692,A5044306408,1
A5027813692,A5028689525,1
A5101875393,A5112664275,1
A5027842064,A5043335336,1
A5007586891,A5038551856,1
A5036070326,A5081653427,1
A5028181469,A5081653427,1
A5075505279,A5089198938,1
A5075505279,A5078437774,1
A5063653524,A5075505279,1
A5061172959,A5075505279,1
A5076085284,A5082874697,1
A5004986454,A5080614926,1
A5072979994,A5084837306,1
A5057979110,A5084837306,1
A5057979110,A5072979994,1
A5023769048,A5084837306,1
A5023769048,A5072979994,1
A5023769048,A5057979110,1
A5000628105,A5084837306,1
A5019030380,A5036482161,1
A5013016924,A5093210668,1
A5003135331,A5093210668,1
A5003135331,A5013016924,1
A5000583133,A5093210668,1
A5070440861,A5086618908,1
A5046957652,A5086618908,1
A5076825406,A5104174953,1
A5026069948,A5104174953,1
A5092920313,A5092920314,1
A5024705062,A5085108241,1
A5024705062,A5059153287,1
A5019241312,A5024705062,1
A5033222070,A5090082232,1
A5004862081,A5044933157,1
A5007586891,A5069118398,1
A5013724910,A5074618716,1
A5010429452,A5074618716,1
A5093591354,A5101284916,1
A5023407702,A5101284916,1
A5023407702,A5093591354,1
A5007704084,A5101284916,1
A5007704084,A5093591354,1
A5019835850,A5101279736,1
A5009881810,A5102326824,1
A5008448161,A5009881810,1
A5008311235,A5102326824,1
A5008311235,A5009881810,1
A5008311235,A5008448161,1
A5005048873,A5009881810,1
A5005048873,A5008311235,1
A5019030380,A5038273643,1
A5021432908,A5063653524,1
A5006018293,A5075505279,1
A5004740474,A5078437774,1
A5004740474,A5075505279,1
A5069355721,A5109475864,1
A5007814949,A5109475864,1
A5007814949,A5069355721,1
A5007814949,A5021084634,1
A5004862081,A5007814949,1
A5079222450,A5083299566,1
A5036918477,A5079222450,1
A5014080263,A5079222450,1
A5062164415,A5108672931,1
A5090433651,A5111106924,1
A5073414335,A5111106924,1
A5062408098,A5074618716,1
A5068596775,A5093977130,1
A5050906628,A5095911651,1
A5050906628,A5068596775,1
A5000447662,A5068596775,1
A5018978247,A5103162617,1
A5011150197,A5018978247,1
A5031860141,A5101604900,1
A5059766483,A5093885840,1
A5034404865,A5093885840,1
A5075856345,A5080812083,1
A5034546401,A5061332210,1
A5033327204,A5088332386,1
A5033327204,A5050177003,1
A5086941237,A5093557178,1
A5021432908,A5078437774,1
A5021432908,A5075505279,1
A5049491698,A5100022057,1
A5047231854,A5110579285,1
A5047231854,A5100022057,1
A5103537045,A5113276021,1
A5084631142,A5111234089,1
A5050308411,A5111234089,1
A5050308411,A5084631142,1
A5098976766,A5104318212,1
A5036482161,A5104318212,1
A5036482161,A5098976766,1
A5096912186,A5104236401,1
A5035963786,A5096912186,1
A5095911650,A5095911651,1
A5093977130,A5095911651,1
A5068596775,A5095911651,1
A5068596775,A5095911650,1
A5071692542,A5086941237,1
A5004009482,A5086941237,1
A5081138570,A5108866946,1
A5079444680,A5108866946,1
A5079444680,A5081138570,1
A5012777963,A5103240830,1
A5012777963,A5085295667,1
A5012777963,A5084046631,1
A5012777963,A5083299566,1
A5101875393,A5104825237,1
A5100022057,A5110579285,1
A5081208249,A5110579285,1
A5081208249,A5100022057,1
A5066485762,A5110579285,1
A5066485762,A5100022057,1
A5049491698,A5110579285,1
A5038318396,A5101275457,1
A5036918477,A5038145057,1
A5073228886,A5090624421,1
A5002559612,A5073228886,1
A5109207169,A5113417807,1
A5107744328,A5113417807,1
A5107744328,A5109207169,1
A5107744327,A5113417807,1
A5107744327,A5109207169,1
A5107744327,A5107744328,1
A5006004211,A5113417807,1
A5006004211,A5107744328,1
A5006004211,A5107744327,1
A5061985799,A5113389608,1
A5104825237,A5111261282,1
A5101875393,A5111261282,1
A5041918031,A5047492027,1
A5014358402,A5047492027,1
A5014358402,A5041918031,1
A5014041682,A5047492027,1
A5014041682,A5041918031,1
A5064264542,A5089198938,1
A5063246525,A5089198938,1
A5033249173,A5089198938,1
A5033249173,A5064264542,1
A5033249173,A5063246525,1
A5104145813,A5111192142,1
A5004649569,A5111192142,1
A5004649569,A5104145813,1
A5072457793,A5091293568,1
A5048472072,A5093132197,1
A5007704084,A5048472072,1
A5004649569,A5117248901,1
A5023072071,A5086656411,1
A5023072071,A5079562646,1
A5023072071,A5073984703,1
A5013892483,A5081391162,1
A5013892483,A5026107537,1
A5090217025,A5090841387,1
A5078024597,A5090841387,1
A5062293457,A5090841387,1
A5011251239,A5079761664,1
A5011251239,A5070519396,1
A5003957478,A5015172089,1
A5047492027,A5101517139,1
A5047492027,A5062772406,1
A5041918031,A5101517139,1
A5041918031,A5062772406,1
A5047867624,A5048694353,1
A5031645938,A5079955090,1
A5031645938,A5048694353,1
A5022094259,A5079955090,1
A5022094259,A5048694353,1
A5014596910,A5079955090,1
A5014596910,A5048694353,1
A5006248832,A5079955090,1
A5006248832,A5048694353,1
A5041350658,A5077030794,1
A5041350658,A5071622505,1
A5040505246,A5041350658,1
A5005815259,A5069355721,1
A5111192142,A5117413275,1
A5028246703,A5117413275,1
A5028246703,A5111192142,1
A5036482161,A5044283482,1
A5020232137,A5028584050,1
A5005815259,A5028584050,1
A5005815259,A5020232137,1
A5028689525,A5035190148,1
A5012743379,A5103282510,1
A5012743379,A5075448329,1
A5012743379,A5013933547,1
A5073346040,A5088607309,1
A5079955090,A5092703108,1
A5067773694,A5079955090,1
A5061332210,A5079955090,1
A5048694353,A5092703108,1
A5048694353,A5067773694,1
A5048694353,A5061332210,1
A5047867624,A5079955090,1
A5044306408,A5073888653,1
A5029610502,A5073888653,1
A5029610502,A5044306408,1
A5026094667,A5073888653,1
A5026094667,A5029610502,1
A5045839238,A5062419209,1
A5081026081,A5082547052,1
A5048554196,A5082547052,1
A5048554196,A5081026081,1
A5045295259,A5082547052,1
A5045295259,A5081026081,1
A5045295259,A5048554196,1
A5038273643,A5044831936,1
A5036482161,A5044831936,1
A5044283482,A5066377629,1
A5036482161,A5066377629,1
A5003759938,A5036957578,1
A5047492027,A5090841387,1
A5044306408,A5090841387,1
A5044306408,A5062293457,1
A5044306408,A5047492027,1
A5029418432,A5090841387,1
A5023407702,A5090841387,1
A5003759938,A5031115092,1
A5003759938,A5006890968,1
A5070921697,A5101576005,1
A5069166021,A5101576005,1
A5069166021,A5070921697,1
A5066416631,A5101576005,1
A5066416631,A5070921697,1
A5057794736,A5070921697,1
A5057794736,A5073888653,1
A5021084634,A5052718424,1
A5036482161,A5082035971,1
A5034138959,A5082035971,1
A5034138959,A5036482161,1
A5029956530,A5050281649,1
A5036123152,A5054311248,1
A5036482161,A5055807516,1
A5011273441,A5036482161,1
A5007650335,A5090433651,1
A5066310608,A5089538425,1
A5076124267,A5111894635,1
A5088603171,A5090433651,1
A5072382129,A5090433651,1
A5072382129,A5088603171,1
A5003759938,A5089607531,1
A5003759938,A5084919011,1
A5013652079,A5019216758,1
A5077112506,A5083979492,1
A5060254770,A5083979492,1
A5060254770,A5077112506,1
A5043920608,A5075448329,1
A5038213599,A5075448329,1
A5038213599,A5043920608,1
A5064398557,A5085793151,1
A5038318396,A5085793151,1
A5000140197,A5085793151,1
A5000140197,A5064398557,1
A5000140197,A5038318396,1
A5020248541,A5036522106,1
A5052718424,A5088112214,1
A5021084634,A5088112214,1
A5021084634,A5059943716,1
A5048138937,A5072673957,1
A5074691792,A5103076521,1
A5031083728,A5103076521,1
A5031083728,A5074691792,1
A5084823557,A5090355343,1
A5059931230,A5090355343,1
A5059931230,A5084823557,1
A5036669625,A5059931230,1
A5019216758,A5090355343,1
A5019216758,A5084823557,1
A5019216758,A5059931230,1
A5019216758,A5036669625,1
A5013652079,A5090355343,1
A5013652079,A5084823557,1
A5013652079,A5059931230,1
A5013652079,A5036669625,1
A5018985591,A5090841387,1
A5018985591,A5044306408,1
A5018985591,A5023407702,1
A5003427027,A5075084435,1
A5003427027,A5073340466,1
A5066882941,A5069397056,1
A5048990804,A5069397056,1
A5076821511,A5088931828,1
A5043467483,A5088931828,1
A5043467483,A5076821511,1
A5037788914,A5088931828,1
A5037788914,A5076821511,1
A5037788914,A5043467483,1
A5005131345,A5036482161,1
A5005131345,A5028427474,1
A5005131345,A5019263447,1
A5012146630,A5019882980,1
A5017676510,A5070060285,1
A5078715828,A5081913561,1
A5051208730,A5081913561,1
A5034004789,A5081913561,1
A5034004789,A5051208730,1
A5071773356,A5086956726,1
A5066042037,A5086956726,1
A5066042037,A5071773356,1
A5060108861,A5071773356,1
A5060108861,A5066042037,1
A5024595723,A5071773356,1
A5024595723,A5066042037,1
A5028016642,A5066485762,1
A5019241312,A5028016642,1
A5023407702,A5047492027,1
A5014575036,A5078476175,1
A5014575036,A5042823542,1
A5014575036,A5034606192,1
A5014575036,A5034144507,1
A5014575036,A5033820433,1
A5008409536,A5078476175,1
A5008409536,A5042823542,1
A5008409536,A5034606192,1
A5008409536,A5033820433,1
A5008409536,A5014575036,1
A5101995849,A5103136527,1
A5075387597,A5103136527,1
A5019882980,A5103136527,1
A5019882980,A5101995849,1
A5019882980,A5075387597,1
A5012146630,A5103136527,1
A5073146384,A5090217025,1
A5073146384,A5081006847,1
A5088306750,A5090217025,1
A5081376729,A5090217025,1
A5081376729,A5088306750,1
A5078024597,A5088306750,1
A5078024597,A5081376729,1
A5042823542,A5078476175,1
A5034606192,A5078476175,1
A5034606192,A5042823542,1
A5034144507,A5042823542,1
A5034144507,A5034606192,1
A5033820433,A5078476175,1
A5033820433,A5042823542,1
A5033820433,A5034606192,1
A5033820433,A5034144507,1
A5012672783,A5041067749,1
A5012672783,A5040311489,1
A5009393485,A5062955523,1
A5009393485,A5012672783,1
A5005261529,A5062955523,1
A5005261529,A5012672783,1
A5005658277,A5042124823,1
A5005658277,A5034546401,1
A5062293457,A5080208398,1
A5023330740,A5080208398,1
A5023330740,A5040311489,1
A5048990804,A5066882941,1
A5026084950,A5069397056,1
A5026084950,A5066882941,1
A5026084950,A5048990804,1
A5081006847,A5090217025,1
A5027536946,A5065036496,1
A5056524074,A5059532796,1
A5042334886,A5059532796,1
A5042334886,A5056524074,1
A5016494367,A5059532796,1
A5016494367,A5056524074,1
A5016494367,A5042334886,1
A5002940946,A5059532796,1
A5002940946,A5056524074,1
A5002940946,A5042334886,1
A5002940946,A5016494367,1
A5062955523,A5090841387,1
A5041067749,A5062955523,1
A5040311489,A5062955523,1
A5012672783,A5090841387,1
A5012672783,A5062955523,1
A5039331438,A5064879374,1
A5031275584,A5064879374,1
A5031275584,A5039331438,1
A5047489107,A5075448329,1
A5047214809,A5047489107,1
A5013933547,A5047489107,1
A5005866252,A5047489107,1
A5031275584,A5043467483,1
A5005598711,A5067039429,1
A5012441298,A5048893961,1
A5003831870,A5029610502,1
A5042785180,A5070519648,1
A5025365913,A5083979492,1
A5021167664,A5083979492,1
A5021167664,A5025365913,1
A5013516547,A5021167664,1
A5036965006,A5038213599,1
A5044148794,A5065175826,1
A5073465544,A5073984703,1
A5059943716,A5073465544,1
A5019481166,A5073984703,1
A5019481166,A5073465544,1
A5019481166,A5059943716,1
A5011985118,A5073984703,1
A5011985118,A5073465544,1
A5011985118,A5059943716,1
A5011985118,A5019481166,1
A5081141055,A5081989356,1
A5027850066,A5081989356,1
A5027850066,A5081141055,1
A5017630451,A5081141055,1
A5004862081,A5081989356,1
A5017446232,A5051551665,1
A5017446232,A5038531129,1
A5069527837,A5079924745,1
A5067253813,A5079924745,1
A5067253813,A5069527837,1
A5048740404,A5079924745,1
A5048740404,A5067253813,1
A5006501891,A5079924745,1
A5006501891,A5069527837,1
A5006501891,A5067253813,1
A5006501891,A5048740404,1
A5059204168,A5066228611,1
A5038213599,A5066228611,1
A5038213599,A5059204168,1
A5036965006,A5066228611,1
A5036965006,A5059204168,1
A5059943716,A5090217025,1
A5059943716,A5088306750,1
A5059943716,A5081376729,1
A5047492027,A5088306750,1
A5047492027,A5081376729,1
A5006386816,A5015534336,1
A5057794736,A5101576007,1
A5051551665,A5057643937,1
A5051551665,A5056751208,1
A5038531129,A5068220235,1
A5038531129,A5057643937,1
A5038531129,A5056751208,1
A5038531129,A5051551665,1
A5017446232,A5068220235,1
A5017446232,A5057643937,1
A5017446232,A5056751208,1
A5054791455,A5091446332,1
A5054791455,A5080779997,1
A5053781215,A5054791455,1
A5036696022,A5054791455,1
A5005866252,A5054791455,1
A5073186665,A5090467867,1
A5015026980,A5090467867,1
A5002602597,A5090467867,1
A5001593190,A5090467867,1
A5057643937,A5068220235,1
A5056751208,A5068220235,1
A5056751208,A5057643937,1
A5051551665,A5068220235,1
A5070805634,A5090217025,1
A5070805634,A5088306750,1
A5070805634,A5081376729,1
A5025212989,A5057893478,1
A5053178632,A5101576007,1
A5053480055,A5080086413,1
A5007475536,A5080086413,1
A5007475536,A5053480055,1
A5037702563,A5081913561,1
A5057726299,A5068308355,1
A5043769568,A5068308355,1
A5043769568,A5057726299,1
A5026635171,A5068308355,1
A5026635171,A5057726299,1
A5026635171,A5043769568,1
A5023195825,A5068308355,1
A5023195825,A5057726299,1
A5023195825,A5043769568,1
A5023195825,A5026635171,1
A5062447809,A5110847904,1
A5010899271,A5110847904,1
A5010899271,A5062447809,1
A5006018293,A5062447809,1
A5052377810,A5056814517,1
A5031545089,A5056814517,1
A5031545089,A5052377810,1
A5019163704,A5061619360,1
A5026278228,A5040752794,1
A5026278228,A5029418432,1
A5023407702,A5040752794,1
A5023407702,A5026278228,1
A5006216897,A5055807516,1
A5057893478,A5089873823,1
A5036482161,A5089873823,1
A5025212989,A5089873823,1
A5002872859,A5083608652,1
A5002872859,A5079930142,1
A5002872859,A5062312985,1
A5002872859,A5029610502,1
A5002872859,A5006621717,1
A5035236333,A5083627966,1
A5028246703,A5083627966,1
A5028246703,A5035236333,1
A5001313271,A5083627966,1
A5001313271,A5035236333,1
A5055029983,A5103076521,1
A5041857504,A5103076521,1
A5009006392,A5103076521,1
A5009006392,A5055029983,1
A5009006392,A5041857504,1
A5040467804,A5042950586,1
A5048539587,A5069164387,1
A5046865734,A5048539587,1
A5020433080,A5038409855,1
A5016011483,A5038409855,1
A5034004789,A5045887823,1
A5019083557,A5081847240,1
A5036446484,A5102764842,1
A5079930142,A5083608652,1
A5062312985,A5083608652,1
A5062312985,A5079930142,1
A5029610502,A5079930142,1
A5029610502,A5062312985,1
A5006621717,A5083608652,1
A5006621717,A5079930142,1
A5006621717,A5062312985,1
A5006621717,A5029610502,1
A5061194467,A5090467867,1
A5061194467,A5075134588,1
A5061194467,A5067298192,1
A5046935306,A5090467867,1
A5046935306,A5075134588,1
A5046935306,A5067298192,1
A5046935306,A5061194467,1
A5046809062,A5079539932,1
A5019835850,A5079539932,1
A5019402069,A5038115887,1
A5013516547,A5066744948,1
A5062790934,A5103217016,1
A5038273643,A5103217016,1
A5031628312,A5103217016,1
A5031606609,A5103217016,1
A5010314114,A5014585998,1
A5005598711,A5031978237,1
A5000583133,A5067338495,1
A5000583133,A5060836383,1
A5000583133,A5005598711,1
A5038318396,A5062835375,1
A5035835565,A5062835375,1
A5035835565,A5038318396,1
A5031978237,A5062835375,1
A5031978237,A5038318396,1
A5031978237,A5035835565,1
A5000583133,A5062835375,1
A5000583133,A5038318396,1
A5000583133,A5035835565,1
A5000779424,A5009807426,1
A5067298192,A5090467867,1
A5067298192,A5075134588,1
A5056751208,A5058743137,1
A5027850066,A5077693136,1
A5027850066,A5058743137,1
A5027850066,A5056751208,1
A5004862081,A5077693136,1
A5004862081,A5058743137,1
A5004862081,A5056751208,1
A5060836383,A5067338495,1
A5039088323,A5067338495,1
A5039088323,A5060836383,1
A5031978237,A5067338495,1
A5031978237,A5060836383,1
A5031978237,A5039088323,1
A5005598711,A5067338495,1
A5005598711,A5060836383,1
A5005598711,A5039088323,1
A5047891913,A5057264145,1
A5035265004,A5101995849,1
A5035265004,A5090355343,1
A5035265004,A5078794332,1
A5035265004,A5057726299,1
A5035265004,A5036669625,1
A5032565283,A5042785180,1
A5029426031,A5032565283,1
A5017630451,A5042785180,1
A5004862081,A5032565283,1
A5037758269,A5071692542,1
A5004009482,A5037758269,1
A5024496238,A5081059658,1
A5042841296,A5070514806,1
A5058743137,A5077693136,1
A5056751208,A5077693136,1
A5030239070,A5067142114,1
A5019241312,A5044320172,1
A5018389917,A5029316148,1
A5057959785,A5080948712,1
A5028689525,A5080948712,1
A5064879374,A5066416631,1
A5059153287,A5066416631,1
A5059153287,A5064879374,1
A5057794736,A5064879374,1
A5057794736,A5059153287,1
A5044306408,A5064879374,1
A5044306408,A5059153287,1
A5021075384,A5064879374,1
A5021075384,A5059153287,1
A5021075384,A5044306408,1
A5057264145,A5070514806,1
A5015486220,A5090841387,1
A5015486220,A5041067749,1
A5015486220,A5040311489,1
A5009393485,A5015486220,1
A5005261529,A5015486220,1
A5025906348,A5088265617,1
A5005147545,A5088265617,1
A5078715828,A5087392291,1
A5051208730,A5087392291,1
A5015807915,A5087392291,1
A5015807915,A5078715828,1
A5015807915,A5051208730,1
A5063146616,A5102399573,1
A5055563879,A5102399573,1
A5041067749,A5102399573,1
A5040311489,A5102399573,1
A5007401764,A5077101792,1
A5007401764,A5070528963,1
A5007401764,A5065759351,1
A5007401764,A5017262808,1
A5007401764,A5017258250,1
A5031115092,A5054520792,1
A5006890968,A5054520792,1
A5054090049,A5085088183,1
A5054090049,A5081103870,1
A5010142828,A5058947016,1
A5000447662,A5038318396,1
A5000447662,A5014848687,1
A5046551835,A5062419209,1
A5018978247,A5062419209,1
A5018978247,A5046551835,1
A5055981367,A5059943716,1
A5077101792,A5090048950,1
A5070528963,A5090048950,1
A5070528963,A5077101792,1
A5065759351,A5090048950,1
A5065759351,A5077101792,1
A5065759351,A5070528963,1
A5017262808,A5090048950,1
A5017262808,A5077101792,1
A5017262808,A5070528963,1
A5017262808,A5065759351,1
A5017258250,A5090048950,1
A5017258250,A5077101792,1
A5017258250,A5070528963,1
A5017258250,A5065759351,1
A5017258250,A5017262808,1
A5007401764,A5090048950,1
A5021075384,A5042841296,1
A5021075384,A5026094667,1
A5000631347,A5021075384,1
A5079798736,A5085088183,1
A5078859338,A5085088183,1
A5078859338,A5079798736,1
A5026012715,A5085088183,1
A5026012715,A5079798736,1
A5026012715,A5078859338,1
A5024725885,A5085088183,1
A5024725885,A5079798736,1
A5024725885,A5078859338,1
A5024725885,A5026012715,1
A5042398745,A5063653524,1
A5033249173,A5042398745,1
A5006018293,A5047946795,1
A5017483539,A5036482161,1
A5017483539,A5032623275,1
A5017483539,A5028427474,1
A5078495621,A5084261893,1
A5029830462,A5084261893,1
A5029830462,A5078495621,1
A5027025696,A5084261893,1
A5027025696,A5078495621,1
A5027025696,A5029830462,1
A5006470469,A5084261893,1
A5006470469,A5078495621,1
A5006470469,A5029830462,1
A5006470469,A5027025696,1
A5020190330,A5044457466,1
A5042841296,A5074861291,1
A5021075384,A5074861291,1
A5024496238,A5068261748,1
A5016689788,A5081059658,1
A5016689788,A5068261748,1
A5016689788,A5024496238,1
A5083561301,A5086332748,1
A5068119494,A5086332748,1
A5068119494,A5083561301,1
A5063856302,A5083561301,1
A5062772406,A5083561301,1
A5033145374,A5083561301,1
A5006004211,A5083561301,1
A5006004211,A5068119494,1
A5028427474,A5065098951,1
A5028427474,A5032623275,1
A5017483539,A5071913571,1
A5017483539,A5065098951,1
A5023559281,A5027995997,1
A5064340404,A5112590429,1
A5064340404,A5069355721,1
A5024471083,A5112590429,1
A5024471083,A5064340404,1
A5021084634,A5064340404,1
A5021084634,A5024471083,1
A5006298592,A5112590429,1
A5006004211,A5024897697,1
A5064822716,A5090433651,1
A5027482705,A5054087001,1
A5065098951,A5071913571,1
A5036482161,A5065098951,1
A5032623275,A5071913571,1
A5032623275,A5065098951,1
A5032623275,A5036482161,1
A5024208978,A5057100784,1
A5056751208,A5091664266,1
A5040311489,A5077088790,1
A5078331078,A5089538603,1
A5058005526,A5089538603,1
A5058005526,A5078331078,1
A5050431373,A5089538603,1
A5050431373,A5058005526,1
A5063856302,A5079955090,1
A5045859462,A5079955090,1
A5045859462,A5063856302,1
A5048381639,A5072129238,1
A5027995997,A5072129238,1
A5027995997,A5048381639,1
A5023559281,A5072129238,1
A5023559281,A5048381639,1
A5045297408,A5067026101,1
A5069480283,A5070956356,1
A5046001337,A5069480283,1
A5039838730,A5069480283,1
A5039838730,A5046001337,1
A5074618716,A5080147276,1
A5058840763,A5080147276,1
A5088725621,A5102052669,1
A5067512431,A5102052669,1
A5067512431,A5088725621,1
A5045497658,A5102052669,1
A5045497658,A5088725621,1
A5045497658,A5067512431,1
A5020216796,A5102052669,1
A5020216796,A5067512431,1
A5020216796,A5045497658,1
A5017560326,A5070956356,1
A5017560326,A5036482161,1
A5056050125,A5071692542,1
A5029418432,A5071692542,1
A5029418432,A5056050125,1
A5023407702,A5071692542,1
A5023407702,A5056050125,1
A5007704084,A5071692542,1
A5007704084,A5056050125,1
A5007704084,A5029418432,1
A5005638468,A5071692542,1
A5005638468,A5056050125,1
A5005638468,A5029418432,1
A5067026101,A5101576007,1
A5067026101,A5069166021,1
A5063002184,A5067026101,1
A5018453135,A5040862622,1
A5047806609,A5051420539,1
A5044457466,A5047806609,1
A5057643937,A5075134588,1
A5041498736,A5075134588,1
A5041498736,A5057643937,1
A5039088323,A5057643937,1
A5039088323,A5041498736,1
A5000583133,A5075134588,1
A5000583133,A5057643937,1
A5036482161,A5042263832,1
A5034546401,A5048825339,1
A5026392497,A5048825339,1
A5026392497,A5034546401,1
A5009006392,A5057963158,1
A5036482161,A5070956356,1
A5023580434,A5066416631,1
A5023580434,A5063146616,1
A5023580434,A5062293457,1
A5023580434,A5057794736,1
A5023580434,A5029418432,1
A5023407702,A5066416631,1
A5023407702,A5023580434,1
A5023330740,A5066416631,1
A5023330740,A5023580434,1
A5041030590,A5080429945,1
A5008432889,A5041030590,1
A5023264947,A5066310608,1
A5023264947,A5062419209,1
A5008432889,A5038701777,1
A5006298592,A5064340404,1
A5006298592,A5021084634,1
A5035839451,A5080429945,1
A5033352288,A5090467867,1
A5033352288,A5088003333,1
A5033352288,A5080429945,1
A5033352288,A5035839451,1
A5031080193,A5045565384,1
A5040160298,A5110948777,1
A5032562868,A5110948777,1
A5032562868,A5040160298,1
A5031083728,A5110948777,1
A5031083728,A5032562868,1
A5006018293,A5032562868,1
A5063146616,A5066416631,1
A5062293457,A5066416631,1
A5029418432,A5066416631,1
A5023580434,A5090217025,1
A5064264542,A5066981828,1
A5013516547,A5083228311,1
A5013516547,A5082874697,1
A5013516547,A5075533434,1
A5009583349,A5083228311,1
A5009583349,A5082874697,1
A5009583349,A5075533434,1
A5024204046,A5041857504,1
A5004986454,A5080429945,1
A5013706069,A5069355721,1
A5013706069,A5035016214,1
A5009743546,A5013706069,1
A5088003333,A5090467867,1
A5080429945,A5088003333,1
A5035839451,A5090467867,1
A5035839451,A5088003333,1
A5005678229,A5056071733,1
A5005678229,A5039088323,1
A5066868801,A5069665079,1
A5058041943,A5063147015,1
A5038115887,A5063147015,1
A5038115887,A5058041943,1
A5035016214,A5058041943,1
A5035016214,A5038115887,1
A5021084634,A5038115887,1
A5082874697,A5083228311,1
A5075533434,A5083228311,1
A5066981828,A5083228311,1
A5066981828,A5075533434,1
A5064264542,A5083228311,1
A5064264542,A5082874697,1
A5064264542,A5075533434,1
A5058291106,A5073186665,1
A5015026980,A5091152930,1
A5015026980,A5058291106,1
A5005101148,A5091152930,1
A5005101148,A5073186665,1
A5005101148,A5058291106,1
A5005101148,A5015026980,1
A5000354103,A5091152930,1
A5000354103,A5073186665,1
A5000354103,A5058291106,1
A5000354103,A5015026980,1
A5000354103,A5005101148,1
A5039088323,A5073186665,1
A5039088323,A5056071733,1
A5005678229,A5075134588,1
A5005678229,A5073186665,1
A5053605893,A5073186665,1
A5035873206,A5073186665,1
A5035873206,A5053605893,1
A5015026980,A5053605893,1
A5015026980,A5035873206,1
A5087051911,A5089671786,1
A5087051911,A5089607531,1
A5084919011,A5087051911,1
A5061281606,A5087051911,1
A5031115092,A5087051911,1
A5000779424,A5087051911,1
A5013407442,A5059818563,1
A5056071733,A5075134588,1
A5056071733,A5073186665,1
A5073186665,A5091152930,1
A5058291106,A5091152930,1
A5004322174,A5021939980,1
A5058175330,A5073654003,1
A5035802374,A5058175330,1
A5055528812,A5089033883,1
A5026022160,A5089033883,1
A5026022160,A5055528812,1
A5057979110,A5090429395,1
A5042193588,A5090429395,1
A5042193588,A5057979110,1
A5021896962,A5090429395,1
A5021896962,A5057979110,1
A5021896962,A5042193588,1
A5009406603,A5090429395,1
A5009406603,A5057979110,1
A5009406603,A5042193588,1
A5009406603,A5021896962,1
A5021084634,A5092473883,1
A5021084634,A5092473882,1
A5021084634,A5061210584,1
A5020128688,A5104182794,1
A5020128688,A5104143743,1
A5020128688,A5092473883,1
A5020128688,A5092473882,1
A5020128688,A5061210584,1
A5020128688,A5021084634,1
A5069355721,A5092473881,1
A5110106364,A5111003919,1
A5058041943,A5111003919,1
A5058041943,A5110106364,1
A5021084634,A5111003919,1
A5021084634,A5110106364,1
A5004322174,A5086883212,1
A5047492027,A5101470213,1
A5047492027,A5092505236,1
A5047492027,A5092505235,1
A5047492027,A5092505234,1
A5047492027,A5062865348,1
A5104143743,A5104182794,1
A5092473883,A5104182794,1
A5092473883,A5104143743,1
A5092473882,A5104182794,1
A5092473882,A5104143743,1
A5092473882,A5092473883,1
A5061210584,A5104182794,1
A5061210584,A5104143743,1
A5061210584,A5092473883,1
A5061210584,A5092473882,1
A5021084634,A5104143743,1
A5092505234,A5092505236,1
A5092505234,A5092505235,1
A5062865348,A5111011491,1
A5062865348,A5104101838,1
A5062865348,A5101470213,1
A5062865348,A5092505236,1
A5062865348,A5092505235,1
A5062865348,A5092505234,1
A5059943716,A5111011491,1
A5059943716,A5104101838,1
A5059943716,A5101470213,1
A5059943716,A5092505236,1
A5059943716,A5092505235,1
A5059943716,A5092505234,1
A5047492027,A5111011491,1
A5047492027,A5104101838,1
A5019696842,A5038936614,1
A5021084634,A5088883540,1
A5021084634,A5045887823,1
A5015534336,A5088883540,1
A5015534336,A5045887823,1
A5013477317,A5084490550,1
A5010902658,A5068119494,1
A5010902658,A5053806736,1
A5092505236,A5101470213,1
A5092505235,A5111011491,1
A5092505235,A5104101838,1
A5092505235,A5101470213,1
A5092505235,A5092505236,1
A5092505234,A5111011491,1
A5092505234,A5104101838,1
A5092505234,A5101470213,1
A5070858004,A5093403744,1
A5026263179,A5093443818,1
A5102588392,A5102588393,1
A5093429880,A5102588393,1
A5093429880,A5102588392,1
A5079307935,A5093132197,1
A5007558092,A5055029983,1
A5007558092,A5012733014,1
A5066981828,A5092890967,1
A5026147008,A5092890967,1
A5104101838,A5111011491,1
A5101470213,A5111011491,1
A5101470213,A5104101838,1
A5092505236,A5111011491,1
A5092505236,A5104101838,1
A5019696842,A5076793638,1
A5089287618,A5101673684,1
A5052958973,A5086956726,1
A5008569251,A5052958973,1
A5031939387,A5079740403,1
A5031939387,A5037183129,1
A5059943716,A5081628355,1
A5047492027,A5081628355,1
A5024204046,A5081628355,1
A5026933239,A5027608507,1
A5093634779,A5103087869,1
A5035016214,A5103087869,1
A5035016214,A5093634779,1
A5029426031,A5103087869,1
A5029426031,A5093634779,1
A5021084634,A5103087869,1
A5021084634,A5093634779,1
A5007509617,A5028427474,1
A5007509617,A5026038449,1
A5007509617,A5019492438,1
A5082656944,A5115676259,1
A5039088323,A5115676259,1
A5028246703,A5028831195,1
A5072001735,A5098962918,1
A5050311383,A5098962918,1
A5050311383,A5072001735,1
A5043405836,A5094274849,1
A5043405836,A5057959785,1
A5009900046,A5073752100,1
A5009900046,A5044457466,1
A5057335742,A5059766483,1
A5012865878,A5059766483,1
A5012865878,A5057335742,1
A5026038449,A5035251971,1
A5026038449,A5028427474,1
A5019492438,A5071913571,1
A5019492438,A5036482161,1
A5019492438,A5035251971,1
A5019492438,A5028427474,1
A5019492438,A5026038449,1
A5012589470,A5071913571,1
A5012589470,A5036482161,1
A5012589470,A5035251971,1
A5012589470,A5028427474,1
A5012589470,A5026038449,1
A5012589470,A5019492438,1
A5007509617,A5071913571,1
A5007509617,A5036482161,1
A5007509617,A5035251971,1
A5026224239,A5086982835,1
A5026224239,A5084046631,1
A5020364433,A5084046631,1
A5007377181,A5100363285,1
A5007377181,A5078437774,1
A5007377181,A5063653524,1
A5007377181,A5061172959,1
A5007377181,A5037925150,1
A5006018293,A5100363285,1
A5037442851,A5102713901,1
A5005261529,A5102713901,1
A5035251971,A5071913571,1
A5035251971,A5036482161,1
A5028427474,A5035251971,1
A5026038449,A5071913571,1
A5026038449,A5036482161,1
A5030649493,A5052288164,1
A5028350394,A5030649493,1
A5006004211,A5030649493,1
A5089198938,A5100363285,1
A5078437774,A5100363285,1
A5063653524,A5100363285,1
A5061172959,A5100363285,1
A5037925150,A5100363285,1
A5037925150,A5078437774,1
A5037925150,A5063653524,1
A5037925150,A5061172959,1
A5011550028,A5081628355,1
A5000779424,A5081628355,1
A5000779424,A5024204046,1
A5074352069,A5075957084,1
A5047193991,A5068261748,1
A5052718424,A5109252043,1
A5052718424,A5109207169,1
A5006004211,A5109252043,1
A5006004211,A5052718424,1
A5069355721,A5092559587,1
A5004862081,A5092559587,1
A5002149357,A5092559587,1
A5002149357,A5069355721,1
A5002149357,A5004862081,1
A5035332489,A5071622505,1
A5068878780,A5087157415,1
A5019696842,A5087157415,1
A5087522441,A5110355464,1
A5003721673,A5110355464,1
A5013127587,A5069355721,1
A5009640284,A5069355721,1
A5065869701,A5103834964,1
A5065869701,A5089039033,1
A5065869701,A5083252241,1
A5045078579,A5103834964,1
A5045078579,A5089039033,1
A5045078579,A5083252241,1
A5045078579,A5065869701,1
A5086891205,A5101995849,1
A5020315163,A5053715739,1
A5018453135,A5020315163,1
A5108654422,A5113365334,1
A5030771539,A5113365334,1
A5030771539,A5108654422,1
A5026933239,A5114555943,1
A5017630451,A5114555943,1
A5109207169,A5109252043,1
A5066981828,A5089927918,1
A5066981828,A5071673570,1
A5025076916,A5089927918,1
A5025076916,A5071673570,1
A5025076916,A5066981828,1
A5013516547,A5089927918,1
A5013516547,A5071673570,1
A5013516547,A5025076916,1
A5003209043,A5089927918,1
A5003209043,A5071673570,1
A5003209043,A5066981828,1
A5003209043,A5025076916,1
A5003209043,A5013516547,1
A5089039033,A5103834964,1
A5083252241,A5103834964,1
A5083252241,A5089039033,1
A5062181389,A5071188883,1
A5075134588,A5108709378,1
A5073186665,A5108709378,1
A5015026980,A5108709378,1
A5002602597,A5108709378,1
A5001593190,A5108709378,1
A5012777963,A5086982835,1
A5060718498,A5078169644,1
A5013016924,A5078169644,1
A5029610502,A5030765282,1
A5006853572,A5030765282,1
A5006853572,A5029610502,1
A5041814605,A5085108241,1
A5041814605,A5066485762,1
A5019241312,A5041814605,1
A5071673570,A5089927918,1
A5031645938,A5063856302,1
A5081337244,A5091092677,1
A5071622505,A5091092677,1
A5040505246,A5091092677,1
A5057056085,A5073340466,1
A5038213599,A5049416809,1
A5063430794,A5112222381,1
A5018496664,A5066310608,1
A5038273643,A5089873823,1
A5012865878,A5018080323,1
A5078848946,A5090433651,1
A5078848946,A5085951867,1
A5071188883,A5078848946,1
A5062181389,A5090433651,1
A5062181389,A5085951867,1
A5062181389,A5078848946,1
A5040160298,A5069977014,1
A5028584050,A5103219387,1
A5028584050,A5069897245,1
A5049181307,A5103089891,1
A5049181307,A5054065884,1
A5053781215,A5076239497,1
A5031275584,A5076239497,1
A5031275584,A5053781215,1
A5013547956,A5044457466,1
A5002413914,A5085088183,1
A5002413914,A5044457466,1
A5002413914,A5013547956,1
A5050906628,A5076791333,1
A5023013232,A5076791333,1
A5022273907,A5084261893,1
A5022273907,A5023072071,1
A5040875367,A5112571438,1
A5007422831,A5073340466,1
A5007422831,A5057056085,1
A5020522702,A5070805634,1
A5091546774,A5113958905,1
A5040160298,A5113958905,1
A5006890968,A5011879442,1
A5071997806,A5091312883,1
A5058768179,A5091312883,1
A5032633013,A5091312883,1
A5017868616,A5091312883,1
A5017868616,A5071997806,1
A5017868616,A5058768179,1
A5017868616,A5032633013,1
A5055547199,A5065175826,1
A5028689525,A5089599363,1
A5058947016,A5080612617,1
A5046865734,A5051208730,1
A5023411796,A5051208730,1
A5023411796,A5046865734,1
A5051208730,A5070720376,1
A5042785180,A5066701332,1
A5041276649,A5070603879,1
A5041276649,A5060294105,1
A5025126709,A5041276649,1
A5043603616,A5058687283,1
A5007831209,A5060329582,1
A5101875393,A5114026037,1
A5000447662,A5114026037,1
A5029342521,A5074286956,1
A5103089891,A5112571438,1
A5054065884,A5112571438,1
A5022434320,A5037882660,1
A5022434320,A5031554530,1
A5054090049,A5074067210,1
A5044457466,A5074067210,1
A5014101844,A5074067210,1
A5014101844,A5054090049,1
A5014101844,A5044457466,1
A5002738243,A5050621438,1
A5002738243,A5025759149,1
A5026353197,A5073340466,1
A5033471756,A5063612224,1
A5027063057,A5041030590,1
A5020513898,A5041030590,1
A5020513898,A5027063057,1
A5056751208,A5082329243,1
A5080612617,A5082832616,1
A5014169006,A5108769236,1
A5014169006,A5069355721,1
A5014169006,A5055070619,1
A5046809062,A5080037452,1
A5070894344,A5085088183,1
A5070894344,A5074661465,1
A5037882660,A5085088183,1
A5037882660,A5074661465,1
A5037882660,A5070894344,1
A5031554530,A5085088183,1
A5031554530,A5074661465,1
A5031554530,A5070894344,1
A5031554530,A5037882660,1
A5022434320,A5085088183,1
A5022434320,A5074661465,1
A5022434320,A5070894344,1
A5007833951,A5019005107,1
A5041567932,A5086919974,1
A5041567932,A5081763579,1
A5019005107,A5041567932,1
A5067292255,A5073332544,1
A5005822066,A5073332544,1
A5005822066,A5067292255,1
A5012338780,A5057135530,1
A5073764453,A5078715828,1
A5012338780,A5078715828,1
A5012338780,A5073764453,1
A5078715828,A5108769236,1
A5069355721,A5108769236,1
A5055070619,A5108769236,1
A5055070619,A5078715828,1
A5055070619,A5069355721,1
A5058459105,A5110730453,1
A5058459105,A5086919974,1
A5058459105,A5081763579,1
A5019005107,A5110730453,1
A5019005107,A5058459105,1
A5078715828,A5080147276,1
A5064822716,A5080147276,1
A5011245286,A5080147276,1
A5010899271,A5037183129,1
A5006018293,A5037183129,1
A5047947883,A5071188883,1
A5039238514,A5071188883,1
A5039238514,A5047947883,1
A5058179585,A5091241482,1
A5007833951,A5086919974,1
A5007833951,A5081763579,1
A5008220557,A5012338780,1
A5040160298,A5091546774,1
A5037183129,A5113958905,1
A5037183129,A5040160298,1
A5033249173,A5113958905,1
A5034546401,A5067329737,1
A5086618908,A5113951652,1
A5035354513,A5113951652,1
A5035354513,A5086618908,1
A5034546401,A5113951652,1
A5033853118,A5113951652,1
A5007526868,A5065310530,1
A5007526868,A5025906348,1
A5007526868,A5008220557,1
A5086919974,A5110730453,1
A5081763579,A5110730453,1
A5056751208,A5079577666,1
A5056751208,A5073186665,1
A5034004789,A5046865734,1
A5021444730,A5046865734,1
A5021444730,A5034004789,1
A5067265564,A5086919974,1
A5067265564,A5081763579,1
A5019005107,A5067265564,1
A5049484740,A5062630274,1
A5000140197,A5062630274,1
A5000140197,A5049484740,1
A5025906348,A5065310530,1
A5012338780,A5065310530,1
A5012338780,A5025906348,1
A5008220557,A5065310530,1
A5008220557,A5025906348,1
A5017049663,A5102388838,1
A5017049663,A5038921191,1
A5017049663,A5021167664,1
A5017049663,A5019003378,1
A5025126709,A5038961652,1
A5084748541,A5087739077,1
A5059654116,A5087739077,1
A5059654116,A5084748541,1
A5056881641,A5087739077,1
A5056881641,A5084748541,1
A5056881641,A5059654116,1
A5053204857,A5087739077,1
A5053204857,A5084748541,1
A5053204857,A5059654116,1
A5053204857,A5056881641,1
A5068151686,A5086807894,1
A5021167664,A5103790224,1
A5021167664,A5102388838,1
A5021167664,A5094332444,1
A5021167664,A5047946795,1
A5021167664,A5038921191,1
A5021167664,A5029610502,1
A5019003378,A5113933854,1
A5019003378,A5103790224,1
A5019003378,A5102388838,1
A5019003378,A5047946795,1
A5019003378,A5038921191,1
A5019003378,A5029610502,1
A5019003378,A5021167664,1
A5017049663,A5113933854,1
A5017049663,A5105989508,1
A5017049663,A5103790224,1
A5047946795,A5102388838,1
A5047946795,A5094332444,1
A5038921191,A5113933854,1
A5038921191,A5105989508,1
A5038921191,A5103790224,1
A5038921191,A5102388838,1
A5038921191,A5094332444,1
A5038921191,A5047946795,1
A5029610502,A5113933854,1
A5029610502,A5105989508,1
A5029610502,A5103790224,1
A5029610502,A5102388838,1
A5029610502,A5094332444,1
A5029610502,A5038921191,1
A5021167664,A5113933854,1
A5021167664,A5105989508,1
A5033853118,A5086618908,1
A5033853118,A5035354513,1
A5033853118,A5034546401,1
A5076825406,A5110846414,1
A5062213562,A5110846414,1
A5062213562,A5076825406,1
A5102388838,A5113933854,1
A5102388838,A5105989508,1
A5102388838,A5103790224,1
A5094332444,A5113933854,1
A5094332444,A5105989508,1
A5094332444,A5103790224,1
A5094332444,A5102388838,1
A5047946795,A5113933854,1
A5047946795,A5105989508,1
A5047946795,A5103790224,1
A5046430708,A5076825406,1
A5046430708,A5062213562,1
A5046430708,A5053806736,1
A5026069948,A5110846414,1
A5026069948,A5062213562,1
A5026069948,A5046430708,1
A5004862081,A5015026980,1
A5084490550,A5086656411,1
A5084261893,A5084490550,1
A5079562646,A5084490550,1
A5025801276,A5071421218,1
A5025053305,A5071421218,1
A5005809997,A5012865878,1
A5105989508,A5113933854,1
A5103790224,A5113933854,1
A5103790224,A5105989508,1
A5039049048,A5067039429,1
A5023245057,A5084809680,1
A5023245057,A5067039429,1
A5023245057,A5039049048,1
A5045991521,A5046618236,1
A5023245057,A5046618236,1
A5023245057,A5045991521,1
A5009642416,A5046618236,1
A5009642416,A5045991521,1
A5009642416,A5023245057,1
A5016085788,A5038921191,1
A5071421218,A5112224103,1
A5071421218,A5083097157,1
A5053806736,A5110846414,1
A5053806736,A5062213562,1
A5046430708,A5110846414,1
A5075134588,A5080429945,1
A5070720376,A5101946207,1
A5070720376,A5080429945,1
A5002180149,A5043630425,1
A5023358975,A5091488919,1
A5023358975,A5069577259,1
A5078130942,A5091241482,1
A5023245057,A5078130942,1
A5010423483,A5091241482,1
A5010423483,A5078130942,1
A5010423483,A5023245057,1
A5023605195,A5091241482,1
A5023605195,A5040733225,1
A5023245057,A5023605195,1
A5067039429,A5084809680,1
A5039049048,A5084809680,1
A5052394795,A5059943716,1
A5073984703,A5084490550,1
A5059943716,A5086656411,1
A5059943716,A5079562646,1
A5053917313,A5084490550,1
A5004981441,A5023245057,1
A5043834218,A5090467867,1
A5043834218,A5075134588,1
A5043834218,A5070720376,1
A5008185895,A5090467867,1
A5008185895,A5075134588,1
A5008185895,A5070720376,1
A5008185895,A5043834218,1
A5090467867,A5101946207,1
A5080429945,A5101946207,1
A5075134588,A5101946207,1
A5025816793,A5081103870,1
A5025816793,A5047607094,1
A5025816793,A5044457466,1
A5019687363,A5025816793,1
A5028246703,A5052468951,1
A5004649569,A5052468951,1
A5004649569,A5028246703,1
A5001313271,A5052468951,1
A5001313271,A5004649569,1
A5034278697,A5080823565,1
A5023358975,A5034278697,1
A5004981441,A5091241482,1
A5004981441,A5040733225,1
A5026069948,A5084490550,1
A5059943716,A5102920649,1
A5052394795,A5102920649,1
A5001593190,A5037442620,1
A5067929288,A5108783705,1
A5067929288,A5086956726,1
A5067278927,A5067929288,1
A5064941202,A5067929288,1
A5064941202,A5067278927,1
A5050539081,A5067929288,1
A5049425830,A5067929288,1
A5049425830,A5067278927,1
A5010183979,A5067929288,1
A5064825867,A5080612617,1
A5051675447,A5066744948,1
A5004585147,A5068735177,1
A5033215139,A5038273643,1
A5025816793,A5085088183,1
A5025816793,A5082723611,1
A5017190099,A5101875393,1
A5039559405,A5066382302,1
A5015035432,A5079364169,1
A5074661465,A5083001525,1
A5012296450,A5083001525,1
A5012296450,A5074661465,1
A5012296450,A5044457466,1
A5086910482,A5091261389,1
A5039088323,A5091261389,1
A5039088323,A5086910482,1
A5037442620,A5091261389,1
A5037442620,A5086910482,1
A5037442620,A5039088323,1
A5001593190,A5091261389,1
A5001593190,A5086910482,1
A5001593190,A5039088323,1
A5017718973,A5023515567,1
A5086221855,A5103162617,1
A5082162766,A5103162617,1
A5082162766,A5086221855,1
A5079357080,A5086221855,1
A5079357080,A5082162766,1
A5000140197,A5086221855,1
A5038318396,A5069450260,1
A5079518071,A5080612617,1
A5015303581,A5080612617,1
A5015303581,A5079518071,1
A5000337454,A5080612617,1
A5000337454,A5079518071,1
A5000337454,A5015303581,1
A5062312985,A5087936499,1
A5062312985,A5066744948,1
A5047492027,A5052394795,1
A5035753099,A5102920649,1
A5035753099,A5052394795,1
A5011550028,A5102920649,1
A5011550028,A5052394795,1
A5075134588,A5087522441,1
A5073186665,A5087522441,1
A5032565283,A5087522441,1
A5032565283,A5075134588,1
A5032565283,A5073186665,1
A5017630451,A5075134588,1
A5017630451,A5073186665,1
A5066380970,A5066485762,1
A5049491698,A5066380970,1
A5020248541,A5076791333,1
A5023515567,A5074661465,1
A5040311489,A5086353392,1
A5006004211,A5040311489,1
A5045970894,A5081059658,1
A5045970894,A5052029845,1
A5040311489,A5053910408,1
A5015303581,A5027850066,1
A5007324560,A5027850066,1
A5007324560,A5015303581,1
A5079902526,A5103146401,1
A5073654003,A5103146401,1
A5073654003,A5079902526,1
A5050906628,A5079284062,1
A5000447662,A5079284062,1
A5036482161,A5080086413,1
A5013516547,A5013920471,1
A5047492027,A5102920649,1
A5017092771,A5078075069,1
A5017092771,A5050062793,1
A5017092771,A5040453038,1
A5017092771,A5036669625,1
A5017092771,A5030998006,1
A5038970085,A5054700939,1
A5027850066,A5054700939,1
A5027850066,A5038970085,1
A5027608507,A5027850066,1
A5057959785,A5070231391,1
A5009465064,A5103990939,1
A5029342521,A5103143940,1
A5053910408,A5063146616,1
A5053910408,A5055563879,1
A5041067749,A5053910408,1
A5015026980,A5032565283,1
A5040453038,A5078794332,1
A5040453038,A5078075069,1
A5040453038,A5050062793,1
A5036669625,A5082329243,1
A5036669625,A5078075069,1
A5036669625,A5040453038,1
A5030998006,A5084823557,1
A5030998006,A5082329243,1
A5030998006,A5078794332,1
A5030998006,A5078075069,1
A5030998006,A5050062793,1
A5030998006,A5040453038,1
A5030998006,A5036669625,1
A5017092771,A5084823557,1
A5017092771,A5082329243,1
A5017092771,A5078794332,1
A5019520689,A5026137507,1
A5011002928,A5026137507,1
A5054311248,A5085960346,1
A5008576898,A5062419209,1
A5082329243,A5084823557,1
A5078794332,A5084823557,1
A5078794332,A5082329243,1
A5078075069,A5084823557,1
A5078075069,A5082329243,1
A5078075069,A5078794332,1
A5050062793,A5084823557,1
A5050062793,A5082329243,1
A5050062793,A5078794332,1
A5050062793,A5078075069,1
A5040453038,A5084823557,1
A5040453038,A5082329243,1
A5062948100,A5082109754,1
A5062948100,A5075448329,1
A5103358718,A5103997160,1
A5091488919,A5103358718,1
A5083997692,A5103358718,1
A5069577259,A5103997160,1
A5069577259,A5103358718,1
A5073340466,A5083997692,1
A5031432477,A5083997692,1
A5023486962,A5083997692,1
A5023486962,A5073340466,1
A5023486962,A5031432477,1
A5046176638,A5089607531,1
A5046176638,A5084919011,1
A5031115092,A5046176638,1
A5026137507,A5090433651,1
A5021084634,A5052528513,1
A5026962804,A5045281093,1
A5025906348,A5045281093,1
A5025906348,A5026962804,1
A5029825362,A5052045242,1
A5021084634,A5029825362,1
A5069535568,A5103997160,1
A5069535568,A5091488919,1
A5069535568,A5083997692,1
A5020697832,A5103997160,1
A5020697832,A5091488919,1
A5020697832,A5083997692,1
A5020697832,A5069535568,1
A5018311810,A5103997160,1
A5018311810,A5069535568,1
A5018311810,A5020697832,1
A5001410866,A5063147015,1
A5001410866,A5027555713,1
A5001410866,A5018176357,1
A5011467407,A5031249829,1
A5078715828,A5100706111,1
A5063147015,A5100706111,1
A5009640284,A5078715828,1
A5009640284,A5063147015,1
A5009640284,A5035016214,1
A5002467265,A5100706111,1
A5002467265,A5078715828,1
A5002467265,A5063147015,1
A5002467265,A5035016214,1
A5002467265,A5021084634,1
A5002467265,A5009640284,1
A5052528513,A5090237281,1
A5018176357,A5089538603,1
A5036694142,A5074352069,1
A5036694142,A5059943716,1
A5036694142,A5047492027,1
A5011550028,A5036694142,1
A5068391466,A5084046631,1
A5048463490,A5084046631,1
A5048463490,A5083299566,1
A5048463490,A5068391466,1
A5019483161,A5068391466,1
A5019483161,A5048463490,1
A5019304722,A5084046631,1
A5018176357,A5063147015,1
A5010183979,A5063147015,1
A5001410866,A5089538603,1
A5001410866,A5075856345,1
A5006470469,A5025801276,1
A5006470469,A5025053305,1
A5078715828,A5090237281,1
A5044285047,A5090237281,1
A5006386816,A5044285047,1
A5056598310,A5086154377,1
A5047339523,A5086154377,1
A5047339523,A5056598310,1
A5010659252,A5086154377,1
A5010659252,A5056598310,1
A5010659252,A5047339523,1
A5089538603,A5108783705,1
A5063147015,A5108783705,1
A5063147015,A5089538603,1
A5063147015,A5075856345,1
A5027555713,A5063147015,1
A5020433080,A5065405270,1
A5019005107,A5065405270,1
A5072205183,A5080612617,1
A5019882980,A5065636571,1
A5028584050,A5029316148,1
A5028246703,A5029316148,1
A5028246703,A5028584050,1
A5046661565,A5090433651,1
A5066485762,A5083507287,1
A5052045242,A5100706111,1
A5023809850,A5100706111,1
A5023809850,A5052045242,1
A5009640284,A5052045242,1
A5009640284,A5023809850,1
A5006470469,A5112224103,1
A5006470469,A5083097157,1
A5024751337,A5080777319,1
A5024751337,A5045286626,1
A5024751337,A5035128276,1
A5003750865,A5082697342,1
A5003750865,A5080777319,1
A5003750865,A5045286626,1
A5003750865,A5035128276,1
A5003750865,A5024751337,1
A5021939980,A5081448614,1
A5015534336,A5078715828,1
A5015440219,A5032560691,1
A5000845674,A5032560691,1
A5000845674,A5015440219,1
A5062985968,A5088051042,1
A5037702563,A5059773730,1
A5065405270,A5086919974,1
A5072570518,A5078075069,1
A5022159357,A5085582271,1
A5022159357,A5078075069,1
A5022159357,A5072570518,1
A5089607531,A5101551742,1
A5031115092,A5101551742,1
A5010142828,A5101551742,1
A5054700939,A5075368742,1
A5027608507,A5075368742,1
A5080777319,A5082697342,1
A5045286626,A5082697342,1
A5045286626,A5080777319,1
A5035128276,A5082697342,1
A5035128276,A5080777319,1
A5035128276,A5045286626,1
A5024751337,A5082697342,1
A5044049203,A5047067936,1
A5019304722,A5048463490,1
A5019304722,A5019483161,1
A5002738243,A5068391466,1
A5002738243,A5048463490,1
A5002738243,A5019304722,1
A5040752794,A5090308578,1
A5040752794,A5072826923,1
A5040752794,A5047067936,1
A5040752794,A5044049203,1
A5018985591,A5090308578,1
A5018985591,A5072826923,1
A5018985591,A5047067936,1
A5018985591,A5044049203,1
A5078075069,A5085582271,1
A5072570518,A5085582271,1
A5008788983,A5044126451,1
A5061859499,A5082656944,1
A5017831735,A5082656944,1
A5010991555,A5082656944,1
A5010991555,A5061859499,1
A5010991555,A5017831735,1
A5037293239,A5041030590,1
A5032857473,A5037293239,1
A5021939980,A5032857473,1
A5025906348,A5068580027,1
A5005147545,A5068580027,1
A5072826923,A5090308578,1
A5047067936,A5090308578,1
A5047067936,A5072826923,1
A5044049203,A5090308578,1
A5044049203,A5072826923,1
A5027747734,A5077533576,1
A5027747734,A5057235335,1
A5036183921,A5112102237,1
A5042037210,A5068532322,1
A5041030590,A5068532322,1
A5018453135,A5068532322,1
A5018453135,A5042037210,1
A5018453135,A5041030590,1
A5080429945,A5086878433,1
A5016891605,A5086878433,1
A5072937655,A5089819152,1
A5035356443,A5089819152,1
A5035356443,A5072937655,1
A5035356443,A5040311489,1
A5044126451,A5071243914,1
A5040311489,A5044126451,1
A5043227299,A5074352069,1
A5041030590,A5074352069,1
A5041030590,A5043227299,1
A5032857473,A5074352069,1
A5032857473,A5043227299,1
A5035222562,A5052886178,1
A5025759149,A5052886178,1
A5025759149,A5035222562,1
A5002602597,A5064450631,1
A5037293239,A5083299566,1
A5037293239,A5058550087,1
A5064003333,A5075448329,1
A5077533576,A5078075069,1
A5057235335,A5078075069,1
A5057235335,A5077533576,1
A5027747734,A5078075069,1
A5007586891,A5075957084,1
A5044476734,A5059766483,1
A5037293239,A5059766483,1
A5037293239,A5044476734,1
A5030577099,A5059766483,1
A5030577099,A5044476734,1
A5030577099,A5037293239,1
A5080612617,A5090467867,1
A5029168958,A5090467867,1
A5021939980,A5068525352,1
A5023353473,A5075283486,1
A5025906348,A5087333625,1
A5013724910,A5087333625,1
A5013724910,A5025906348,1
A5074352069,A5079825931,1
A5043227299,A5079825931,1
A5029770300,A5080429945,1
A5056751208,A5066706258,1
A5012875799,A5066706258,1
A5012875799,A5056751208,1
A5075134588,A5082656944,1
A5072759060,A5082656944,1
A5072759060,A5075134588,1
A5039088323,A5072759060,1
A5001700164,A5082656944,1
A5001700164,A5075134588,1
A5001700164,A5072759060,1
A5001700164,A5039088323,1
A5025899637,A5056751208,1
A5001700164,A5056751208,1
A5001700164,A5025899637,1
A5010902658,A5075957084,1
A5042760371,A5066961636,1
A5010085196,A5080612617,1
A5034536979,A5082656944,1
A5034536979,A5056751208,1
A5010422450,A5082656944,1
A5010422450,A5056751208,1
A5010422450,A5034536979,1
A5034972671,A5041030590,1
A5046608183,A5077112506,1
A5035236333,A5077112506,1
A5035236333,A5046608183,1
A5014938838,A5077112506,1
A5014938838,A5046608183,1
A5014938838,A5035236333,1
A5013516547,A5046608183,1
A5013516547,A5014938838,1
A5005049325,A5050364683,1
A5059565170,A5081059658,1
A5059565170,A5068261748,1
A5085204710,A5088603171,1
A5069355721,A5088603171,1
A5037869911,A5088603171,1
A5031887494,A5088603171,1
A5029807656,A5088603171,1
A5029807656,A5085204710,1
A5005049325,A5012653618,1
A5005049325,A5010319167,1
A5084635367,A5088632123,1
A5066961636,A5088632123,1
A5066961636,A5084635367,1
A5042760371,A5088632123,1
A5042760371,A5084635367,1
A5003482925,A5023653692,1
A5003482925,A5022290438,1
A5003482925,A5012388276,1
A5006046949,A5059905800,1
A5065656606,A5108003570,1
A5044306408,A5108003570,1
A5044306408,A5065656606,1
A5069175255,A5083694779,1
A5067691316,A5080612617,1
A5050364683,A5102823728,1
A5012653618,A5102823728,1
A5012653618,A5050364683,1
A5010319167,A5102823728,1
A5010319167,A5050364683,1
A5010319167,A5012653618,1
A5005049325,A5102823728,1
A5017174251,A5022290438,1
A5012388276,A5085585776,1
A5012388276,A5085077278,1
A5012388276,A5079982189,1
A5012388276,A5076383318,1
A5012388276,A5065556310,1
A5012388276,A5047576349,1
A5012388276,A5023653692,1
A5012388276,A5022290438,1
A5012388276,A5017174251,1
A5003482925,A5085585776,1
A5003482925,A5085077278,1
A5003482925,A5079982189,1
A5003482925,A5076383318,1
A5003482925,A5065556310,1
A5003482925,A5047576349,1
A5023653692,A5065556310,1
A5023653692,A5047576349,1
A5022290438,A5085585776,1
A5022290438,A5085077278,1
A5022290438,A5079982189,1
A5022290438,A5076383318,1
A5022290438,A5065556310,1
A5022290438,A5047576349,1
A5022290438,A5023653692,1
A5017174251,A5085585776,1
A5017174251,A5085077278,1
A5017174251,A5079982189,1
A5017174251,A5076383318,1
A5017174251,A5065556310,1
A5017174251,A5047576349,1
A5017174251,A5023653692,1
A5076383318,A5085585776,1
A5076383318,A5085077278,1
A5076383318,A5079982189,1
A5065556310,A5085585776,1
A5065556310,A5085077278,1
A5065556310,A5079982189,1
A5065556310,A5076383318,1
A5047576349,A5085585776,1
A5047576349,A5085077278,1
A5047576349,A5079982189,1
A5047576349,A5076383318,1
A5047576349,A5065556310,1
A5023653692,A5085585776,1
A5023653692,A5085077278,1
A5023653692,A5079982189,1
A5023653692,A5076383318,1
A5023583041,A5058235464,1
A5019078957,A5108769818,1
A5019078957,A5065384904,1
A5019078957,A5062431325,1
A5019078957,A5058235464,1
A5019078957,A5023583041,1
A5076940783,A5077228949,1
A5044045014,A5054528466,1
A5038063558,A5054528466,1
A5038063558,A5044045014,1
A5002352635,A5054528466,1
A5002352635,A5044045014,1
A5002352635,A5038063558,1
A5085077278,A5085585776,1
A5079982189,A5085585776,1
A5079982189,A5085077278,1
A5003482925,A5080279080,1
A5003482925,A5073778665,1
A5003482925,A5068355684,1
A5003482925,A5056134188,1
A5003482925,A5036584999,1
A5003482925,A5024299511,1
A5003482925,A5010863219,1
A5065384904,A5108769818,1
A5062431325,A5108769818,1
A5062431325,A5065384904,1
A5058235464,A5108769818,1
A5058235464,A5065384904,1
A5058235464,A5062431325,1
A5023583041,A5108769818,1
A5023583041,A5065384904,1
A5023583041,A5062431325,1
A5024299511,A5068355684,1
A5024299511,A5056134188,1
A5024299511,A5036584999,1
A5017174251,A5080279080,1
A5017174251,A5073778665,1
A5017174251,A5068355684,1
A5017174251,A5056134188,1
A5017174251,A5036584999,1
A5017174251,A5024299511,1
A5010863219,A5080279080,1
A5010863219,A5073778665,1
A5010863219,A5068355684,1
A5010863219,A5056134188,1
A5010863219,A5036584999,1
A5010863219,A5024299511,1
A5010863219,A5017174251,1
A5039420723,A5040967246,1
A5004758253,A5054008656,1
A5004758253,A5040967246,1
A5004758253,A5039420723,1
A5073778665,A5080279080,1
A5068355684,A5080279080,1
A5068355684,A5073778665,1
A5056134188,A5080279080,1
A5056134188,A5073778665,1
A5056134188,A5068355684,1
A5036584999,A5080279080,1
A5036584999,A5073778665,1
A5036584999,A5068355684,1
A5036584999,A5056134188,1
A5024299511,A5080279080,1
A5024299511,A5073778665,1
A5068591837,A5071622505,1
A5040505246,A5068591837,1
A5002793178,A5042124823,1
A5002793178,A5034546401,1
A5058768179,A5085556698,1
A5058768179,A5078776189,1
A5032633013,A5085556698,1
A5032633013,A5078776189,1
A5038027455,A5050155394,1
A5025486014,A5050155394,1
A5025486014,A5038027455,1
A5024640820,A5050155394,1
A5024640820,A5038027455,1
A5024640820,A5025486014,1
A5040967246,A5054008656,1
A5039420723,A5054008656,1
A5005643484,A5085088183,1
A5005643484,A5083907121,1
A5005643484,A5057114129,1
A5101516648,A5112723639,1
A5081839535,A5112723639,1
A5081839535,A5101516648,1
A5004072607,A5112723639,1
A5004072607,A5101516648,1
A5004072607,A5081839535,1
A5057222899,A5091709670,1
A5078776189,A5085556698,1
A5029807656,A5069355721,1
A5029807656,A5037869911,1
A5029807656,A5031887494,1
A5084046631,A5090368883,1
A5068591837,A5081337244,1
A5051802890,A5068596775,1
A5047197688,A5103162617,1
A5047197688,A5076802739,1
A5047197688,A5076793638,1
A5047197688,A5068596775,1
A5047197688,A5051802890,1
A5000140197,A5076802739,1
A5000140197,A5076793638,1
A5000140197,A5051802890,1
A5085088183,A5086890410,1
A5083907121,A5086890410,1
A5083907121,A5085088183,1
A5057114129,A5086890410,1
A5057114129,A5085088183,1
A5057114129,A5083907121,1
A5005643484,A5086890410,1
A5064822716,A5069355721,1
A5011245286,A5069355721,1
A5082109754,A5089819152,1
A5073329391,A5089819152,1
A5073329391,A5082109754,1
A5010556590,A5089819152,1
A5010556590,A5082109754,1
A5010556590,A5073329391,1
A5076802739,A5103162617,1
A5076793638,A5103162617,1
A5076793638,A5076802739,1
A5068596775,A5076802739,1
A5068596775,A5076793638,1
A5051802890,A5103162617,1
A5051802890,A5076802739,1
A5051802890,A5076793638,1
A5005431444,A5064941202,1
A5005431444,A5024595723,1
A5028675285,A5076055277,1
A5016640982,A5076055277,1
A5016640982,A5028675285,1
A5012338780,A5076055277,1
A5064561786,A5080590060,1
A5017876954,A5080590060,1
A5017876954,A5064561786,1
A5050281649,A5108777134,1
A5055513268,A5059864315,1
A5020779429,A5059864315,1
A5020779429,A5055513268,1
A5090433651,A5101696390,1
A5045887823,A5069355721,1
A5037702563,A5045887823,1
A5013016924,A5067165664,1
A5013016924,A5019005107,1
A5013016924,A5016998054,1
A5037869911,A5086489474,1
A5109537361,A5111990652,1
A5108830407,A5111990652,1
A5108830407,A5109537361,1
A5059943716,A5111990652,1
A5059943716,A5108830407,1
A5054115298,A5111990652,1
A5054115298,A5109537361,1
A5054115298,A5108830407,1
A5054115298,A5059943716,1
A5024595723,A5075856345,1
A5005431444,A5086956726,1
A5005431444,A5075856345,1
A5035963786,A5058833557,1
A5035963786,A5057796731,1
A5035963786,A5040747927,1
A5073332544,A5081763579,1
A5048073958,A5081763579,1
A5048073958,A5073332544,1
A5019005107,A5073332544,1
A5019005107,A5048073958,1
A5067165664,A5078143015,1
A5008664250,A5078143015,1
A5008664250,A5067165664,1
A5008664250,A5019005107,1
A5067165664,A5086919974,1
A5016998054,A5086919974,1
A5016998054,A5019005107,1
A5013016924,A5086919974,1
A5027213775,A5040867707,1
A5047492027,A5110846368,1
A5038027455,A5110846368,1
A5038027455,A5047492027,1
A5019183960,A5110846368,1
A5019183960,A5038027455,1
A5011550028,A5110846368,1
A5011550028,A5038027455,1
A5005701860,A5110846368,1
A5005701860,A5038027455,1
A5058833557,A5079364169,1
A5057796731,A5079364169,1
A5057796731,A5058833557,1
A5040747927,A5079364169,1
A5040747927,A5058833557,1
A5040747927,A5057796731,1
A5039282397,A5050311383,1
A5025365913,A5076921699,1
A5013516547,A5076921699,1
A5054087001,A5060289716,1
A5073654003,A5081689354,1
A5004585147,A5073654003,1
A5042663996,A5073346040,1
A5050003868,A5089376126,1
A5050003868,A5075856345,1
A5033222070,A5089376126,1
A5033222070,A5075856345,1
A5004952938,A5075856345,1
A5004952938,A5058005526,1
A5004952938,A5050003868,1
A5004952938,A5033222070,1
A5009605349,A5038273643,1
A5047607094,A5048008503,1
A5044457466,A5048008503,1
A5019687363,A5048008503,1
A5012444302,A5034642617,1
A5021019594,A5040653604,1
A5015993895,A5021019594,1
A5060176270,A5078486918,1
A5048052230,A5078486918,1
A5048052230,A5060176270,1
A5016527435,A5078486918,1
A5016527435,A5060176270,1
A5016527435,A5048052230,1
A5050311383,A5082656944,1
A5050311383,A5056751208,1
A5039282397,A5082656944,1
A5039282397,A5056751208,1
A5047946795,A5075533434,1
A5047946795,A5063653524,1
A5037730591,A5075533434,1
A5037730591,A5063653524,1
A5006018293,A5025348010,1
A5021817826,A5030334085,1
A5010423483,A5030334085,1
A5087295411,A5100706111,1
A5072874626,A5100706111,1
A5072874626,A5087295411,1
A5015873770,A5023013232,1
A5000447662,A5015873770,1
A5063830242,A5086807894,1
A5048008503,A5085088183,1
A5048008503,A5082723611,1
A5048008503,A5081103870,1
A5040933029,A5076793638,1
A5066563779,A5111894635,1
A5066189596,A5111894635,1
A5066189596,A5066563779,1
A5049368053,A5066563779,1
A5049368053,A5066189596,1
A5018777761,A5111894635,1
A5018777761,A5066563779,1
A5018777761,A5066189596,1
A5018777761,A5049368053,1
A5011002928,A5066563779,1
A5011002928,A5066189596,1
A5011002928,A5018777761,1
A5019263447,A5057979110,1
A5002793178,A5017902432,1
A5063653524,A5075533434,1
A5012907050,A5036443312,1
A5012907050,A5016589458,1
A5012907050,A5013514486,1
A5011550028,A5036443312,1
A5011550028,A5016589458,1
A5011550028,A5013514486,1
A5011550028,A5012907050,1
A5026038449,A5080086413,1
A5004837137,A5026038449,1
A5012577139,A5077070822,1
A5029426031,A5053053156,1
A5006890968,A5029426031,1
A5014960243,A5103219387,1
A5017630451,A5046303813,1
A5076793638,A5090433651,1
A5076793638,A5085951867,1
A5019759595,A5047492027,1
A5019759595,A5045887823,1
A5019759595,A5042143603,1
A5079695506,A5092321759,1
A5019882980,A5092321759,1
A5019882980,A5079695506,1
A5023749324,A5036482161,1
A5004597544,A5036482161,1
A5004597544,A5023749324,1
A5036443312,A5084490550,1
A5016589458,A5084490550,1
A5016589458,A5036443312,1
A5013514486,A5084490550,1
A5013514486,A5036443312,1
A5013514486,A5016589458,1
A5012907050,A5084490550,1
A5017741443,A5101875393,1
A5080534527,A5101875393,1
A5036522106,A5080534527,1
A5000447662,A5080534527,1
A5002467265,A5066485762,1
A5002467265,A5048476385,1
A5066310608,A5102485975,1
A5062419209,A5102485975,1
A5057959785,A5101861006,1
A5028689525,A5101861006,1
A5045887823,A5070805634,1
A5045887823,A5047492027,1
A5042143603,A5070805634,1
A5042143603,A5047492027,1
A5042143603,A5045887823,1
A5019759595,A5070805634,1
A5021109484,A5081706946,1
A5012963642,A5110931016,1
A5012963642,A5087358844,1
A5012963642,A5081706946,1
A5012963642,A5021109484,1
A5003448315,A5110931016,1
A5003448315,A5087358844,1
A5003448315,A5081706946,1
A5003448315,A5021109484,1
A5003448315,A5012963642,1
A5054835085,A5089969954,1
A5101875393,A5113226945,1
A5032612375,A5113226945,1
A5032612375,A5101875393,1
A5000447662,A5113226945,1
A5000447662,A5032612375,1
A5048348493,A5084267739,1
A5048348493,A5080327437,1
A5048348493,A5055447572,1
A5010054799,A5084267739,1
A5010054799,A5080327437,1
A5010054799,A5055447572,1
A5010054799,A5048348493,1
A5006812089,A5069355721,1
A5006812089,A5022731017,1
A5006812089,A5015118029,1
A5002180149,A5006812089,1
A5087358844,A5110931016,1
A5081706946,A5110931016,1
A5081706946,A5087358844,1
A5021109484,A5110931016,1
A5021109484,A5087358844,1
A5012456671,A5066447613,1
A5012456671,A5066416631,1
A5012456671,A5057794736,1
A5012456671,A5021075384,1
A5012456671,A5019241312,1
A5068079186,A5086600726,1
A5038273643,A5068079186,1
A5064690464,A5114050041,1
A5047282302,A5114050041,1
A5047282302,A5064690464,1
A5022845515,A5114050041,1
A5022845515,A5064690464,1
A5022845515,A5047282302,1
A5080327437,A5084267739,1
A5055447572,A5084267739,1
A5055447572,A5080327437,1
A5021917004,A5029807656,1
A5060082693,A5082446603,1
A5017630451,A5103261584,1
A5005563143,A5103261584,1
A5006004211,A5020697832,1
A5041469776,A5085088183,1
A5041469776,A5074286956,1
A5041469776,A5044457466,1
A5034949219,A5035963786,1
A5066416631,A5066447613,1
A5057794736,A5066447613,1
A5021075384,A5066447613,1
A5019241312,A5066447613,1
A5019241312,A5066416631,1
A5019241312,A5057794736,1
A5019241312,A5021075384,1
A5038027455,A5069486829,1
A5038027455,A5068494219,1
A5038027455,A5066874437,1
A5038027455,A5052901439,1
A5038027455,A5041559610,1
A5013439541,A5091309334,1
A5013439541,A5069486829,1
A5013439541,A5068494219,1
A5013439541,A5066874437,1
A5013439541,A5052901439,1
A5013439541,A5041559610,1
A5013439541,A5038027455,1
A5022186145,A5059201128,1
A5020191664,A5080380678,1
A5029807656,A5048174717,1
A5021917004,A5048174717,1
A5069486829,A5091309334,1
A5068494219,A5091309334,1
A5068494219,A5069486829,1
A5066874437,A5091309334,1
A5066874437,A5069486829,1
A5066874437,A5068494219,1
A5052901439,A5091309334,1
A5052901439,A5069486829,1
A5052901439,A5068494219,1
A5052901439,A5066874437,1
A5041559610,A5091309334,1
A5041559610,A5069486829,1
A5041559610,A5068494219,1
A5041559610,A5066874437,1
A5041559610,A5052901439,1
A5038027455,A5091309334,1
A5051364886,A5079350224,1
A5048694353,A5100706111,1
A5048694353,A5087295411,1
A5048694353,A5072874626,1
A5036497785,A5100706111,1
A5036497785,A5087295411,1
A5036497785,A5072874626,1
A5036497785,A5048694353,1
A5035016214,A5087295411,1
A5035016214,A5072874626,1
A5035016214,A5036497785,1
A5029426031,A5100706111,1
A5029426031,A5087295411,1
A5029426031,A5048694353,1
A5029426031,A5036497785,1
A5051364886,A5053806736,1
A5019005329,A5056751208,1
A5025155533,A5080429945,1
A5000737634,A5080429945,1
A5000737634,A5025155533,1
A5056751208,A5085940104,1
A5000276221,A5085940104,1
A5039096036,A5090467867,1
A5039096036,A5070720376,1
A5039096036,A5052392556,1
A5091030522,A5091552283,1
A5079350224,A5091552283,1
A5079350224,A5091030522,1
A5053806736,A5091030522,1
A5053806736,A5079350224,1
A5051364886,A5091552283,1
A5051364886,A5091030522,1
A5036918477,A5075706729,1
A5036918477,A5060095890,1
A5027626183,A5039796543,1
A5043753423,A5103240830,1
A5043753423,A5085295667,1
A5039796543,A5091293568,1
A5036918477,A5091293568,1
A5036918477,A5039796543,1
A5028281674,A5091293568,1
A5028281674,A5039796543,1
A5028281674,A5036918477,1
A5021071400,A5091293568,1
A5021071400,A5039796543,1
A5021071400,A5036918477,1
A5021071400,A5028281674,1
A5019005329,A5099583317,1
A5021084634,A5036497785,1
A5009743546,A5100706111,1
A5009743546,A5087295411,1
A5009743546,A5072874626,1
A5009743546,A5048694353,1
A5009743546,A5036497785,1
A5006386816,A5087295411,1
A5006386816,A5072874626,1
A5006386816,A5048694353,1
A5006386816,A5036497785,1
A5060095890,A5078378975,1
A5060095890,A5075706729,1
A5043753423,A5078378975,1
A5043753423,A5075706729,1
A5043753423,A5060095890,1
A5036918477,A5078378975,1
A5041030590,A5091655851,1
A5041030590,A5079626241,1
A5032857473,A5091655851,1
A5032857473,A5079626241,1
A5002403482,A5091655851,1
A5002403482,A5079626241,1
A5002403482,A5041030590,1
A5002403482,A5032857473,1
A5059766483,A5060095890,1
A5034404865,A5060095890,1
A5039755138,A5082656944,1
A5039755138,A5056751208,1
A5052886178,A5070720376,1
A5052392556,A5052886178,1
A5075706729,A5078378975,1
A5021084634,A5087295411,1
A5046809062,A5085780663,1
A5019835850,A5085780663,1
A5023407702,A5080208398,1
A5026711665,A5082874697,1
A5026711665,A5066981828,1
A5064003333,A5089842839,1
A5055053902,A5089842839,1
A5055053902,A5064003333,1
A5031275584,A5089842839,1
A5031275584,A5064003333,1
A5031275584,A5055053902,1
A5024351984,A5089269361,1
A5024351984,A5072001735,1
A5013539839,A5031793915,1
A5008654902,A5013539839,1
A5079626241,A5091655851,1
A5000140197,A5020100725,1
A5000140197,A5014509043,1
A5000140197,A5013216623,1
A5034144507,A5057300449,1
A5052933068,A5078531037,1
A5052383979,A5091069324,1
A5037074378,A5091069324,1
A5037074378,A5052383979,1
A5034144507,A5091069324,1
A5034144507,A5037074378,1
A5044457466,A5077293564,1
A5063432985,A5102033400,1
A5035963786,A5066744948,1
A5085088183,A5091291884,1
A5074286956,A5091291884,1
A5044457466,A5091291884,1
A5013216623,A5057158253,1
A5013216623,A5032293884,1
A5013216623,A5030430570,1
A5013216623,A5020100725,1
A5013216623,A5014509043,1
A5000140197,A5114093412,1
A5000140197,A5108522271,1
A5000140197,A5083674682,1
A5000140197,A5082281234,1
A5000140197,A5081363029,1
A5000140197,A5076346341,1
A5000140197,A5063149796,1
A5000140197,A5059807353,1
A5000140197,A5057158253,1
A5000140197,A5032293884,1
A5000140197,A5030430570,1
A5014509043,A5076346341,1
A5014509043,A5063149796,1
A5014509043,A5059807353,1
A5014509043,A5057158253,1
A5014509043,A5032293884,1
A5014509043,A5030430570,1
A5014509043,A5020100725,1
A5013216623,A5114093412,1
A5013216623,A5108522271,1
A5013216623,A5103162617,1
A5013216623,A5083674682,1
A5013216623,A5082281234,1
A5013216623,A5081363029,1
A5013216623,A5076346341,1
A5013216623,A5063149796,1
A5013216623,A5059807353,1
A5020100725,A5103162617,1
A5020100725,A5083674682,1
A5020100725,A5082281234,1
A5020100725,A5081363029,1
A5020100725,A5076346341,1
A5020100725,A5063149796,1
A5020100725,A5059807353,1
A5020100725,A5057158253,1
A5020100725,A5032293884,1
A5020100725,A5030430570,1
A5014509043,A5114093412,1
A5014509043,A5108522271,1
A5014509043,A5103162617,1
A5014509043,A5083674682,1
A5014509043,A5082281234,1
A5014509043,A5081363029,1
A5032293884,A5063149796,1
A5032293884,A5059807353,1
A5032293884,A5057158253,1
A5030430570,A5114093412,1
A5030430570,A5108522271,1
A5030430570,A5103162617,1
A5030430570,A5083674682,1
A5030430570,A5082281234,1
A5030430570,A5081363029,1
A5030430570,A5076346341,1
A5030430570,A5063149796,1
A5030430570,A5059807353,1
A5030430570,A5057158253,1
A5030430570,A5032293884,1
A5020100725,A5114093412,1
A5020100725,A5108522271,1
A5057158253,A5114093412,1
A5057158253,A5108522271,1
A5057158253,A5103162617,1
A5057158253,A5083674682,1
A5057158253,A5082281234,1
A5057158253,A5081363029,1
A5057158253,A5076346341,1
A5057158253,A5063149796,1
A5057158253,A5059807353,1
A5032293884,A5114093412,1
A5032293884,A5108522271,1
A5032293884,A5103162617,1
A5032293884,A5083674682,1
A5032293884,A5082281234,1
A5032293884,A5081363029,1
A5032293884,A5076346341,1
A5076346341,A5081363029,1
A5063149796,A5114093412,1
A5063149796,A5108522271,1
A5063149796,A5103162617,1
A5063149796,A5083674682,1
A5063149796,A5082281234,1
A5063149796,A5081363029,1
A5063149796,A5076346341,1
A5059807353,A5114093412,1
A5059807353,A5108522271,1
A5059807353,A5103162617,1
A5059807353,A5083674682,1
A5059807353,A5082281234,1
A5059807353,A5081363029,1
A5059807353,A5076346341,1
A5059807353,A5063149796,1
A5083674682,A5108522271,1
A5083674682,A5103162617,1
A5082281234,A5114093412,1
A5082281234,A5108522271,1
A5082281234,A5103162617,1
A5082281234,A5083674682,1
A5081363029,A5114093412,1
A5081363029,A5108522271,1
A5081363029,A5103162617,1
A5081363029,A5083674682,1
A5081363029,A5082281234,1
A5076346341,A5114093412,1
A5076346341,A5108522271,1
A5076346341,A5103162617,1
A5076346341,A5083674682,1
A5076346341,A5082281234,1
A5002449550,A5021409572,1
A5002449550,A5015381632,1
A5002449550,A5008724036,1
A5074678568,A5086225695,1
A5047214809,A5086225695,1
A5047214809,A5074678568,1
A5012456671,A5074678568,1
A5012456671,A5047214809,1
A5025981131,A5069955085,1
A5080000389,A5084543636,1
A5004649569,A5080000389,1
A5048837729,A5061194467,1
A5108522271,A5114093412,1
A5103162617,A5114093412,1
A5103162617,A5108522271,1
A5083674682,A5114093412,1
A5052881321,A5055843034,1
A5021409572,A5090013530,1
A5021409572,A5055843034,1
A5021409572,A5052881321,1
A5015381632,A5090013530,1
A5015381632,A5055843034,1
A5015381632,A5052881321,1
A5015381632,A5021409572,1
A5008724036,A5090013530,1
A5008724036,A5055843034,1
A5008724036,A5052881321,1
A5008724036,A5021409572,1
A5008724036,A5015381632,1
A5002449550,A5090013530,1
A5002449550,A5055843034,1
A5002449550,A5052881321,1
A5010838566,A5100568839,1
A5010838566,A5020344053,1
A5010838566,A5015026980,1
A5022731017,A5085204710,1
A5015118029,A5085204710,1
A5002180149,A5085204710,1
A5066310608,A5080275641,1
A5040311489,A5079323310,1
A5015440219,A5071148657,1
A5007466792,A5071148657,1
A5007466792,A5015440219,1
A5070067415,A5113043726,1
A5063856302,A5113043726,1
A5044747777,A5113043726,1
A5055843034,A5090013530,1
A5052881321,A5090013530,1
A5006386816,A5009743546,1
A5004862081,A5087295411,1
A5004862081,A5048694353,1
A5004862081,A5036497785,1
A5004862081,A5006386816,1
A5035753099,A5081329483,1
A5035753099,A5048849140,1
A5013477317,A5035753099,1
A5020344053,A5112890662,1
A5020344053,A5100568839,1
A5015026980,A5114040525,1
A5015026980,A5112890662,1
A5015026980,A5100568839,1
A5015026980,A5020344053,1
A5010838566,A5114040525,1
A5010838566,A5112890662,1
A5043499856,A5057794736,1
A5029610502,A5043499856,1
A5029337399,A5078057440,1
A5022273907,A5073346040,1
A5014669676,A5073346040,1
A5014669676,A5022273907,1
A5010045197,A5067992470,1
A5010045197,A5051420539,1
A5000504750,A5067992470,1
A5000504750,A5051420539,1
A5000504750,A5010045197,1
A5112890662,A5114040525,1
A5100568839,A5114040525,1
A5100568839,A5112890662,1
A5020344053,A5114040525,1
A5006386816,A5029426031,1
A5012146630,A5039118866,1
A5004298136,A5101995849,1
A5004298136,A5075387597,1
A5004298136,A5039118866,1
A5004298136,A5012146630,1
A5091552283,A5114042293,1
A5083463579,A5114042293,1
A5083463579,A5091552283,1
A5062498932,A5066443198,1
A5053919046,A5066443198,1
A5053919046,A5062498932,1
A5034878370,A5066443198,1
A5034878370,A5062498932,1
A5034878370,A5053919046,1
A5038213599,A5060570274,1
A5018928971,A5071997806,1
A5036239434,A5079766831,1
A5036239434,A5067459148,1
A5008275703,A5079766831,1
A5008275703,A5067459148,1
A5008275703,A5036239434,1
A5005765033,A5079766831,1
A5005765033,A5067459148,1
A5005765033,A5036239434,1
A5005765033,A5008275703,1
A5052012536,A5059943716,1
A5047995784,A5059943716,1
A5047995784,A5052012536,1
A5031959186,A5089198938,1
A5033439791,A5073754702,1
A5039118866,A5101995849,1
A5039118866,A5075387597,1
A5000133594,A5068017607,1
A5043739908,A5045295259,1
A5101549026,A5109073026,1
A5090433651,A5109073026,1
A5071960259,A5109073026,1
A5071960259,A5101549026,1
A5071960259,A5090433651,1
A5048255450,A5109073026,1
A5048255450,A5071960259,1
A5028961994,A5101549026,1
A5028961994,A5090433651,1
A5028961994,A5048255450,1
A5010113438,A5028961994,1
A5036911816,A5047947883,1
A5003279216,A5011002928,1
A5067459148,A5079766831,1
A5017902432,A5090082232,1
A5077168763,A5078715828,1
A5039088323,A5086618908,1
A5034546401,A5039088323,1
A5027626183,A5039088323,1
A5017630451,A5039088323,1
A5000140197,A5011566437,1
A5073632742,A5110506743,1
A5060932741,A5110506743,1
A5060932741,A5073632742,1
A5052886178,A5110506743,1
A5052886178,A5060932741,1
A5012441298,A5060932741,1
A5072491843,A5082646919,1
A5038796583,A5068017607,1
A5036070326,A5068017607,1
A5015534336,A5112224103,1
A5015534336,A5059943716,1
A5011550028,A5112224103,1
A5011550028,A5015534336,1
A5060211957,A5086956726,1
A5008569251,A5060211957,1
A5062772406,A5065113204,1
A5033145374,A5065113204,1
A5073415282,A5074503623,1
A5046865734,A5074503623,1
A5046865734,A5073415282,1
A5026744201,A5090911532,1
A5026744201,A5081091578,1
A5011566437,A5103162617,1
A5011566437,A5079357080,1
A5011566437,A5068596775,1
A5068261748,A5077998879,1
A5037747042,A5103008302,1
A5037747042,A5083449439,1
A5037747042,A5077998879,1
A5037747042,A5068261748,1
A5068434579,A5102807269,1
A5063246525,A5102807269,1
A5063246525,A5068434579,1
A5031793915,A5102807269,1
A5031793915,A5068434579,1
A5097276860,A5097276861,1
A5081110033,A5097276861,1
A5081110033,A5097276860,1
A5015981950,A5097276861,1
A5015981950,A5097276860,1
A5059943716,A5112224103,1
A5056678703,A5086919974,1
A5056678703,A5081763579,1
A5019005107,A5056678703,1
A5005410561,A5056678703,1
A5000583133,A5056678703,1
A5092098369,A5110986683,1
A5065313553,A5110986683,1
A5065313553,A5092098369,1
A5035733211,A5110986683,1
A5035733211,A5092098369,1
A5035733211,A5065313553,1
A5080612617,A5112921697,1
A5080429945,A5112921697,1
A5009391160,A5112921697,1
A5068261748,A5103008302,1
A5068261748,A5083449439,1
A5063246525,A5092373799,1
A5063246525,A5066981828,1
A5031793915,A5092373799,1
A5005765033,A5092373799,1
A5005765033,A5066981828,1
A5005765033,A5063246525,1
A5005765033,A5031793915,1
A5071913571,A5111001710,1
A5043763784,A5092359635,1
A5003957478,A5092359635,1
A5035016214,A5044285047,1
A5015534336,A5044285047,1
A5028819369,A5072107889,1
A5073519050,A5101215631,1
A5018899828,A5047150116,1
A5018899828,A5041658386,1
A5047231854,A5111009310,1
A5017847760,A5092473819,1
A5058041943,A5090237281,1
A5057941981,A5091241482,1
A5049491698,A5057941981,1
A5023245057,A5101223917,1
A5036238004,A5112955819,1
A5004518285,A5112955819,1
A5004518285,A5036238004,1
A5059773730,A5075856345,1
A5059773730,A5064941202,1
A5053606885,A5075856345,1
A5053606885,A5059773730,1
A5008569251,A5064941202,1
A5008569251,A5053606885,1
A5066981828,A5092373799,1
A5040373862,A5107975505,1
A5040373862,A5100706111,1
A5039711351,A5109623071,1
A5039711351,A5107975505,1
A5039711351,A5100706111,1
A5039711351,A5040373862,1
A5021084634,A5109623071,1
A5021084634,A5107975505,1
A5021084634,A5040373862,1
A5006890968,A5109623071,1
A5006890968,A5107975505,1
A5006890968,A5100706111,1
A5006890968,A5040373862,1
A5006890968,A5039711351,1
A5006890968,A5021084634,1
A5049491698,A5111009310,1
A5021084634,A5067699628,1
A5002825531,A5104182794,1
A5002825531,A5069355721,1
A5002825531,A5067699628,1
A5002825531,A5035016214,1
A5002825531,A5021084634,1
A5040733225,A5049491698,1
A5040222787,A5091241482,1
A5040222787,A5049491698,1
A5040222787,A5040733225,1
A5023245057,A5049491698,1
A5023245057,A5040222787,1
A5107975505,A5109623071,1
A5100706111,A5109623071,1
A5100706111,A5107975505,1
A5040373862,A5109623071,1
A5032161862,A5103240830,1
A5032161862,A5083299566,1
A5018453135,A5032161862,1
A5004862081,A5103240830,1
A5004862081,A5083299566,1
A5004862081,A5032161862,1
A5002738243,A5032161862,1
A5002738243,A5004862081,1
A5082788950,A5086618908,1
A5059943716,A5088416096,1
A5020433080,A5070327268,1
A5069355721,A5104182794,1
A5067699628,A5104182794,1
A5067699628,A5069355721,1
A5035016214,A5104182794,1
A5035016214,A5067699628,1
A5005815259,A5082397085,1
A5005815259,A5063430794,1
A5075856345,A5104145813,1
A5104830855,A5112839995,1
A5089287618,A5112839995,1
A5086919974,A5112839995,1
A5086919974,A5104830855,1
A5034433638,A5104830855,1
A5034433638,A5089287618,1
A5034433638,A5086919974,1
A5016011483,A5089287618,1
A5016011483,A5086919974,1
A5070327268,A5104830855,1
A5070327268,A5089287618,1
A5028281007,A5070327268,1
A5023358975,A5074503623,1
A5028246703,A5103219387,1
A5028246703,A5069897245,1
A5001313271,A5112974236,1
A5001313271,A5108855119,1
A5001313271,A5103219387,1
A5051166865,A5081448412,1
A5051166865,A5069897245,1
A5075448329,A5090073716,1
A5018305026,A5090073716,1
A5018305026,A5075448329,1
A5018305026,A5053781215,1
A5005866252,A5090073716,1
A5005866252,A5018305026,1
A5053806736,A5104998640,1
A5082656944,A5092581117,1
A5063430794,A5082397085,1
A5012535678,A5112980584,1
A5012535678,A5108857087,1
A5012535678,A5068613198,1
A5012535678,A5031734068,1
A5006009517,A5112980584,1
A5006009517,A5108857087,1
A5006009517,A5068613198,1
A5006009517,A5031734068,1
A5006009517,A5012535678,1
A5108855119,A5112974236,1
A5103219387,A5112974236,1
A5103219387,A5108855119,1
A5069897245,A5112974236,1
A5069897245,A5108855119,1
A5028246703,A5112974236,1
A5028246703,A5108855119,1
A5011550028,A5053229660,1
A5031016161,A5036525946,1
A5070646279,A5073459961,1
A5042124823,A5070646279,1
A5035354513,A5070646279,1
A5034546401,A5070646279,1
A5081110033,A5102567185,1
A5081110033,A5092663455,1
A5067174744,A5102567185,1
A5067174744,A5092663455,1
A5108857087,A5112980584,1
A5068613198,A5112980584,1
A5068613198,A5108857087,1
A5031734068,A5112980584,1
A5031734068,A5108857087,1
A5031734068,A5068613198,1
A5059015529,A5081110033,1
A5040010940,A5092697191,1
A5040010940,A5059015529,1
A5015981950,A5092697191,1
A5015981950,A5059015529,1
A5015981950,A5040010940,1
A5059943716,A5102548452,1
A5047492027,A5102548452,1
A5028031154,A5102548452,1
A5011550028,A5102548452,1
A5046947277,A5092666741,1
A5092663455,A5102567185,1
A5053229660,A5088416096,1
A5053229660,A5084261893,1
A5053229660,A5059943716,1
A5047492027,A5053229660,1
A5069166021,A5078024597,1
A5062293457,A5069166021,1
A5047492027,A5069166021,1
A5008580808,A5042124823,1
A5008580808,A5034546401,1
A5008580808,A5017902432,1
A5036957578,A5081006847,1
A5036957578,A5040752794,1
A5018985591,A5086693065,1
A5018985591,A5036957578,1
A5058496717,A5088079611,1
A5056976681,A5088079611,1
A5056976681,A5058496717,1
A5045334540,A5064003333,1
A5081110033,A5092697191,1
A5059015529,A5092697191,1
A5083299566,A5091293568,1
A5043753423,A5092580952,1
A5043753423,A5091293568,1
A5043753423,A5083299566,1
A5041030590,A5043753423,1
A5024208978,A5113016912,1
A5005872347,A5113016912,1
A5083183471,A5102560201,1
A5040712814,A5045059799,1
A5021084634,A5062408098,1
A5021084634,A5043630425,1
A5081006847,A5086693065,1
A5040752794,A5086693065,1
A5040752794,A5081006847,1
A5036957578,A5086693065,1
A5017902432,A5070646279,1
A5093132110,A5093132111,1
A5079307935,A5093132109,1
A5017063496,A5093132109,1
A5017063496,A5079307935,1
A5092580952,A5113031897,1
A5041030590,A5113031897,1
A5021939980,A5113031897,1
A5021939980,A5092580952,1
A5038145057,A5093131123,1
A5033369703,A5093131123,1
A5033369703,A5038145057,1
A5017474560,A5093131123,1
A5017474560,A5038145057,1
A5017474560,A5033369703,1
A5091293568,A5092580952,1
A5083299566,A5092580952,1
A5007650335,A5042785180,1
A5079307935,A5111063407,1
A5012865878,A5093132178,1
A5012865878,A5093132177,1
A5012865878,A5057378918,1
A5004862081,A5007650335,1
A5093132159,A5112102237,1
A5078378975,A5112102237,1
A5078378975,A5093132159,1
A5025155533,A5112102237,1
A5025155533,A5093132159,1
A5025155533,A5078378975,1
A5013127587,A5093132159,1
A5013127587,A5078378975,1
A5013127587,A5025155533,1
A5004862081,A5030108678,1
A5016640982,A5085951867,1
A5012338780,A5085951867,1
A5040747927,A5059943716,1
A5040747927,A5047492027,1
A5030728093,A5059943716,1
A5030728093,A5047492027,1
A5030728093,A5040747927,1
A5011550028,A5040747927,1
A5011550028,A5030728093,1
A5103237044,A5112128254,1
A5088725621,A5112128254,1
A5050950333,A5112128254,1
A5050950333,A5103237044,1
A5050950333,A5088725621,1
A5042785180,A5101260025,1
A5042785180,A5083299566,1
A5111063412,A5114105391,1
A5017063496,A5114105391,1
A5017063496,A5111063412,1
A5009602251,A5114105391,1
A5009602251,A5111063412,1
A5009602251,A5017063496,1
A5006927005,A5046957652,1
A5091000782,A5104188642,1
A5038145057,A5093132208,1
A5083299566,A5101260025,1
A5041930431,A5112128254,1
A5041930431,A5088725621,1
A5041930431,A5050950333,1
A5059947299,A5085570120,1
A5059947299,A5073589897,1
A5059947299,A5067773694,1
A5057378918,A5058446697,1
A5059947299,A5062052815,1
A5059947299,A5061332210,1
A5032790503,A5059947299,1
A5031645938,A5059947299,1
A5022094259,A5059947299,1
A5006248832,A5059947299,1
A5053758884,A5086618908,1
A5063856302,A5069118398,1
A5057959785,A5093132326,1
A5057959785,A5079307935,1
A5007704084,A5093132326,1
A5007704084,A5057959785,1
A5092580952,A5093132311,1
A5041030590,A5093132311,1
A5010392310,A5021939980,1
A5017902432,A5109411008,1
A5053178632,A5075448329,1
A5052201922,A5075448329,1
A5052201922,A5053178632,1
A5059766483,A5078378975,1
A5032857473,A5093132361,1
A5032857473,A5078378975,1
A5024299350,A5093132361,1
A5024299350,A5078378975,1
A5024299350,A5059766483,1
A5024299350,A5032857473,1
A5078378975,A5080612617,1
A5017123432,A5078378975,1
A5017063496,A5078378975,1
A5058446697,A5079307935,1
A5057378918,A5079307935,1
A5062150823,A5114105391,1
A5062150823,A5070440861,1
A5031884521,A5114105391,1
A5031884521,A5070440861,1
A5056751208,A5090368883,1
A5080429945,A5101260063,1
A5082874697,A5093132361,1
A5059766483,A5082874697,1
A5031010573,A5093132361,1
A5031010573,A5082874697,1
A5031010573,A5059766483,1
A5027626183,A5046957652,1
A5026933239,A5027626183,1
A5078378975,A5093132361,1
A5038551856,A5063856302,1
A5035354513,A5109411008,1
A5013933547,A5052201922,1
A5005866252,A5053178632,1
A5005866252,A5052201922,1
A5034546401,A5065445458,1
A5062414057,A5071692542,1
A5004009482,A5062414057,1
A5090467867,A5133386582,1
A5058446697,A5133386582,1
A5052886178,A5133386582,1
A5009329442,A5102573528,1
A5004862081,A5102573528,1
A5040686723,A5103240830,1
A5061194467,A5113034756,1
A5000313996,A5027626183,1
A5018453135,A5102572618,1
A5070440861,A5114105391,1
A5006927005,A5018453135,1
A5006927005,A5017063496,1
A5005701860,A5018453135,1
A5005701860,A5006927005,1
A5111066904,A5113838051,1
A5058446697,A5113838051,1
A5058446697,A5111066904,1
A5052886178,A5113838051,1
A5052886178,A5111066904,1
A5090467867,A5093132178,1
A5090467867,A5093132177,1
A5035786240,A5060095890,1
A5035786240,A5041030590,1
A5009640284,A5070440861,1
A5004862081,A5070440861,1
A5047214809,A5052201922,1
A5035468453,A5065182514,1
A5012338780,A5113049757,1
A5087936499,A5102807269,1
A5016014073,A5102807269,1
A5016014073,A5087936499,1
A5065002440,A5113043726,1
A5093229615,A5093229616,1
A5083183471,A5093229616,1
A5083183471,A5093229615,1
A5084889107,A5113037704,1
A5059532796,A5113037704,1
A5059532796,A5084889107,1
A5043865163,A5113037704,1
A5043865163,A5084889107,1
A5043865163,A5059532796,1
A5017063496,A5018453135,1
A5067165664,A5075838105,1
A5062781019,A5113049823,1
A5062781019,A5075838105,1
A5035468453,A5113049823,1
A5035468453,A5075838105,1
A5052288164,A5113049822,1
A5005210595,A5113049822,1
A5067165664,A5093061357,1
A5062781019,A5093061357,1
A5035468453,A5093061357,1
A5067165664,A5100858669,1
A5065182514,A5100858669,1
A5065182514,A5067165664,1
A5062781019,A5100858669,1
A5062781019,A5065182514,1
A5035468453,A5100858669,1
A5031034508,A5080086413,1
A5016863698,A5017902432,1
A5073459961,A5082788950,1
A5042124823,A5082788950,1
A5017902432,A5082788950,1
A5004159752,A5082788950,1
A5070067415,A5086332748,1
A5062772406,A5070067415,1
A5044747777,A5086332748,1
A5062419209,A5102797009,1
A5020302598,A5112839995,1
A5020302598,A5034433638,1
A5020302598,A5020433080,1
A5016011483,A5020302598,1
A5075838105,A5113049823,1
A5067165664,A5113049823,1
A5008409536,A5052383979,1
A5026744201,A5035786424,1
A5010020081,A5057222899,1
A5005815259,A5010020081,1
A5089849078,A5113063298,1
A5076648024,A5113063298,1
A5076648024,A5089849078,1
A5101270579,A5102587653,1
A5044982417,A5114105391,1
A5026933239,A5114105391,1
A5093057020,A5093057021,1
A5081059658,A5093057021,1
A5081059658,A5093057020,1
A5044747777,A5062772406,1
A5033145374,A5070067415,1
A5033145374,A5044747777,1
A5012346780,A5047619613,1
A5012346780,A5029326183,1
A5005020820,A5111095064,1
A5005020820,A5062248997,1
A5005020820,A5047619613,1
A5005020820,A5029326183,1
A5005020820,A5012346780,1
A5000647405,A5111095064,1
A5000647405,A5062248997,1
A5000647405,A5047619613,1
A5000647405,A5029326183,1
A5000647405,A5012346780,1
A5000647405,A5005020820,1
A5052383979,A5104145813,1
A5034144507,A5104145813,1
A5008409536,A5104145813,1
A5003289871,A5004862081,1
A5060194904,A5082656944,1
A5008732001,A5082656944,1
A5008732001,A5060194904,1
A5046510762,A5077853279,1
A5110355464,A5111096806,1
A5009952690,A5111096806,1
A5009952690,A5110355464,1
A5062248997,A5111095064,1
A5047619613,A5111095064,1
A5047619613,A5062248997,1
A5029326183,A5111095064,1
A5029326183,A5062248997,1
A5029326183,A5047619613,1
A5012346780,A5111095064,1
A5012346780,A5062248997,1
A5081329483,A5089607531,1
A5075957084,A5089607531,1
A5075957084,A5081329483,1
A5059943716,A5089607531,1
A5048849140,A5089607531,1
A5048849140,A5075957084,1
A5023245057,A5066503104,1
A5019005107,A5113086445,1
A5019005107,A5066503104,1
A5033471756,A5057893478,1
A5062419209,A5068596775,1
A5093590785,A5109430723,1
A5004862081,A5041030590,1
A5004862081,A5032857473,1
A5003289871,A5041030590,1
A5003289871,A5032857473,1
A5058041943,A5078715828,1
A5058041943,A5066485762,1
A5049491698,A5093634906,1
A5049491698,A5078715828,1
A5049491698,A5058041943,1
A5066503104,A5113086445,1
A5023245057,A5113086445,1
A5062772406,A5082697247,1
A5034546401,A5048315530,1
A5055723513,A5091552283,1
A5047492027,A5089607531,1
A5013477317,A5089607531,1
A5013477317,A5075957084,1
A5031034508,A5055807516,1
A5014036409,A5031645938,1
A5014036409,A5023029871,1
A5019241312,A5110607449,1
A5019241312,A5049491698,1
A5057378918,A5093638810,1
A5020502890,A5093638810,1
A5070023661,A5101673684,1
A5016740299,A5101673684,1
A5030774854,A5086919974,1
A5030774854,A5081763579,1
A5019005107,A5030774854,1
A5005410561,A5030774854,1
A5070023661,A5104622133,1
A5016740299,A5104622133,1
A5078715828,A5093634906,1
A5066485762,A5093634906,1
A5066485762,A5078715828,1
A5058041943,A5093634906,1
A5034354055,A5055723513,1
A5044342349,A5106968284,1
A5034546401,A5106968284,1
A5097167555,A5119498126,1
A5097082689,A5119498126,1
A5097082689,A5097167555,1
A5059943716,A5119498126,1
A5059943716,A5097167555,1
A5059943716,A5097082689,1
A5053806736,A5119498126,1
A5053806736,A5097167555,1
A5053806736,A5097082689,1
A5053806736,A5059943716,1
A5110607449,A5111106906,1
A5049491698,A5113953148,1
A5049491698,A5111106906,1
A5092990221,A5103142207,1
A5104237492,A5108783705,1
A5028490468,A5104237492,1
A5018176357,A5104237492,1
A5010183979,A5104237492,1
A5104236442,A5109678682,1
A5018801116,A5109678682,1
A5018801116,A5104236442,1
A5046957652,A5079670706,1
A5049799918,A5062943078,1
A5046947277,A5049799918,1
A5006890968,A5048694353,1
A5021235144,A5093729934,1
A5110607449,A5113953148,1
A5035753099,A5055723513,1
A5034354055,A5091552283,1
A5009329442,A5017630451,1
A5009329442,A5009602251,1
A5091653840,A5113123478,1
A5015194554,A5038027455,1
A5015194554,A5035963786,1
A5023159609,A5069981039,1
A5093882808,A5104623430,1
A5093882807,A5104623430,1
A5093882807,A5093882808,1
A5061212031,A5104623430,1
A5061212031,A5093882808,1
A5061212031,A5093882807,1
A5013912209,A5104623430,1
A5013912209,A5093882808,1
A5013912209,A5093882807,1
A5013912209,A5061212031,1
A5050311383,A5061194467,1
A5040160298,A5055268601,1
A5102628046,A5102628047,1
A5101315724,A5102628047,1
A5101315724,A5102628046,1
A5101315723,A5102628047,1
A5101315723,A5102628046,1
A5101315723,A5101315724,1
A5101315657,A5101894925,1
A5090433651,A5101315657,1
A5032130380,A5101315657,1
A5046809062,A5094101111,1
A5029610502,A5094101111,1
A5019835850,A5094101111,1
A5040311489,A5103133543,1
A5009602251,A5093995975,1
A5053644947,A5119498126,1
A5053644947,A5097167555,1
A5053644947,A5097082689,1
A5053644947,A5053806736,1
A5048694353,A5119498126,1
A5048694353,A5097167555,1
A5048694353,A5097082689,1
A5048694353,A5053806736,1
A5048694353,A5053644947,1
A5047492027,A5119498126,1
A5047492027,A5097167555,1
A5047492027,A5097082689,1
A5047492027,A5053806736,1
A5032466831,A5083449439,1
A5032466831,A5077998879,1
A5016798694,A5109692438,1
A5060681090,A5101333890,1
A5058889780,A5101333890,1
A5058889780,A5086372724,1
A5058889780,A5060681090,1
A5011461598,A5101333890,1
A5011461598,A5058889780,1
A5038145057,A5095044568,1
A5076793638,A5101827346,1
A5012152707,A5025365913,1
A5012152707,A5013516547,1
A5101496212,A5111156725,1
A5088507712,A5111576792,1
A5071188883,A5111576792,1
A5054835085,A5111576792,1
A5054835085,A5088507712,1
A5054835085,A5071188883,1
A5026744201,A5104286046,1
A5026744201,A5101341363,1
A5012857222,A5104286046,1
A5012857222,A5101341363,1
A5012611687,A5104286046,1
A5012611687,A5101341363,1
A5012167882,A5104286046,1
A5012167882,A5101341363,1
A5026094667,A5063759232,1
A5020240131,A5066416631,1
A5020240131,A5063759232,1
A5002618368,A5066416631,1
A5002618368,A5063759232,1
A5002618368,A5020240131,1
A5041857504,A5095370360,1
A5086372724,A5101333890,1
A5021084634,A5111179442,1
A5095853236,A5104286089,1
A5095853235,A5104286089,1
A5095853235,A5095853236,1
A5092697191,A5104286089,1
A5092697191,A5095853236,1
A5092697191,A5095853235,1
A5023245057,A5104286089,1
A5023245057,A5095853235,1
A5023245057,A5092697191,1
A5011616652,A5023245057,1
A5104286046,A5106821649,1
A5101341363,A5106821649,1
A5101341363,A5104286046,1
A5051542675,A5104286046,1
A5051542675,A5101341363,1
A5007586891,A5063146616,1
A5007586891,A5038027455,1
A5007586891,A5023407702,1
A5007586891,A5023330740,1
A5007586891,A5016344117,1
A5101845062,A5104287099,1
A5036123152,A5104287099,1
A5036123152,A5101845062,1
A5057959785,A5095872735,1
A5036325148,A5095872735,1
A5036325148,A5057959785,1
A5028246703,A5104286824,1
A5001313271,A5104286824,1
A5040311489,A5101342225,1
A5001313271,A5101342225,1
A5058041943,A5111179442,1
A5026069948,A5119498126,1
A5026069948,A5097167555,1
A5026069948,A5097082689,1
A5023072071,A5119498126,1
A5023072071,A5097167555,1
A5023072071,A5097082689,1
A5023072071,A5053806736,1
A5023072071,A5048694353,1
A5066744948,A5095935106,1
A5016344117,A5090217025,1
A5016344117,A5063146616,1
A5016344117,A5038027455,1
A5016344117,A5029418432,1
A5016344117,A5023407702,1
A5016344117,A5023330740,1
A5007586891,A5090217025,1
A5011550028,A5119498126,1
A5011550028,A5097167555,1
A5011550028,A5097082689,1
A5011550028,A5053806736,1
A5014047958,A5126032961,1
A5021939980,A5102675849,1
A5102675845,A5113226945,1
A5041188654,A5085295667,1
A5041188654,A5083299566,1
A5041188654,A5062789321,1
A5036918477,A5041188654,1
A5062789321,A5098776137,1
A5040686723,A5062789321,1
A5033112329,A5093977130,1
A5014393084,A5047197688,1
A5038213599,A5082109754,1
A5045010596,A5108941451,1
A5045010596,A5098729097,1
A5045010596,A5090492945,1
A5053806736,A5104320859,1
A5036070326,A5104320859,1
A5031432477,A5104320859,1
A5031432477,A5036070326,1
A5000478461,A5019882980,1
A5014080263,A5058810653,1
A5000313996,A5058810653,1
A5017630451,A5062150823,1
A5009640284,A5062150823,1
A5009640284,A5017630451,1
A5017630451,A5112102237,1
A5013127587,A5017630451,1
A5091293568,A5102675849,1
A5090492945,A5113416187,1
A5090492945,A5109749539,1
A5090492945,A5109740978,1
A5090492945,A5108941451,1
A5090492945,A5098729097,1
A5090492945,A5092559168,1
A5083911374,A5113416187,1
A5083911374,A5109749539,1
A5083911374,A5109740978,1
A5083911374,A5108941451,1
A5083911374,A5098729097,1
A5083911374,A5092559168,1
A5083911374,A5090492945,1
A5045010596,A5113416187,1
A5045010596,A5109749539,1
A5045010596,A5109740978,1
A5045010596,A5102861551,1
A5109749539,A5113416187,1
A5109740978,A5113416187,1
A5109740978,A5109749539,1
A5108941451,A5113416187,1
A5108941451,A5109749539,1
A5108941451,A5109740978,1
A5098729097,A5113416187,1
A5098729097,A5109749539,1
A5098729097,A5109740978,1
A5098729097,A5108941451,1
A5092559168,A5113416187,1
A5092559168,A5109749539,1
A5092559168,A5109740978,1
A5092559168,A5108941451,1
A5092559168,A5098729097,1
A5020240131,A5101576007,1
A5020240131,A5081110597,1
A5020240131,A5045248167,1
A5020240131,A5025590719,1
A5100105992,A5110604923,1
A5035753099,A5100105992,1
A5014960243,A5062164415,1
A5028689525,A5094274849,1
A5099583317,A5099583318,1
A5065159707,A5073461824,1
A5030369185,A5048024414,1
A5013127587,A5025759149,1
A5102861551,A5115028878,1
A5083911374,A5115028878,1
A5083911374,A5102861551,1
A5045010596,A5115028878,1
A5027086700,A5063653524,1
A5027086700,A5058852002,1
A5027086700,A5040160298,1
A5027086700,A5039771970,1
A5006018293,A5105016871,1
A5006018293,A5058852002,1
A5006018293,A5039771970,1
A5006018293,A5027086700,1
A5113302051,A5113703010,1
A5000779424,A5010142828,1
A5104602195,A5104602196,1
A5010556590,A5038213599,1
A5103537045,A5104347734,1
A5031278564,A5104347734,1
A5045248167,A5101576007,1
A5045248167,A5063002184,1
A5040160298,A5105016871,1
A5022603864,A5064106068,1
A5022603864,A5038515945,1
A5042124823,A5044342349,1
A5059000250,A5122353933,1
A5044342349,A5122353933,1
A5044342349,A5059000250,1
A5034546401,A5122353933,1
A5040160298,A5058852002,1
A5039771970,A5113302931,1
A5039771970,A5105016871,1
A5039771970,A5063653524,1
A5039771970,A5058852002,1
A5039771970,A5040160298,1
A5027086700,A5113302931,1
A5027086700,A5105016871,1
A5028584050,A5089819152,1
A5028584050,A5075448329,1
A5101887722,A5105016965,1
A5088416096,A5105016965,1
A5075362208,A5105016965,1
A5075362208,A5101887722,1
A5075362208,A5088416096,1
A5064264542,A5105016965,1
A5064264542,A5088416096,1
A5064264542,A5075362208,1
A5105016871,A5113302931,1
A5063653524,A5113302931,1
A5063653524,A5105016871,1
A5058852002,A5113302931,1
A5058852002,A5105016871,1
A5058852002,A5063653524,1
A5009001838,A5102033400,1
A5009001838,A5086812162,1
A5009001838,A5069056768,1
A5009001838,A5055268601,1
A5006018293,A5102033400,1
A5006018293,A5069056768,1
A5065993102,A5091151041,1
A5053806736,A5091151041,1
A5053806736,A5065993102,1
A5036070326,A5091151041,1
A5036070326,A5065993102,1
A5028181469,A5091151041,1
A5028181469,A5065993102,1
A5028181469,A5053806736,1
A5075448329,A5089819152,1
A5040311489,A5075448329,1
A5073414335,A5110712144,1
A5034546401,A5056748570,1
A5032857473,A5072457793,1
A5005815259,A5065956241,1
A5041918031,A5053806736,1
A5102033400,A5102927308,1
A5086812162,A5102927308,1
A5086812162,A5102033400,1
A5069056768,A5102927308,1
A5069056768,A5102033400,1
A5069056768,A5086812162,1
A5055268601,A5102927308,1
A5055268601,A5102033400,1
A5055268601,A5086812162,1
A5055268601,A5069056768,1
A5009001838,A5102927308,1
A5034804859,A5059532796,1
A5034804859,A5044356364,1
A5021314217,A5113351436,1
A5021314217,A5111304062,1
A5021314217,A5101269103,1
A5021314217,A5085462607,1
A5021314217,A5044356364,1
A5021314217,A5034804859,1
A5008432889,A5080612617,1
A5005701860,A5008432889,1
A5004492086,A5062440673,1
A5004492086,A5006018293,1
A5013407442,A5081448412,1
A5013407442,A5069897245,1
A5001313271,A5013407442,1
A5090433651,A5110712144,1
A5101269103,A5113351436,1
A5101269103,A5111304062,1
A5085462607,A5113351436,1
A5085462607,A5111304062,1
A5085462607,A5101269103,1
A5059532796,A5113351436,1
A5059532796,A5101269103,1
A5044356364,A5113351436,1
A5044356364,A5111304062,1
A5044356364,A5101269103,1
A5044356364,A5085462607,1
A5044356364,A5059532796,1
A5034804859,A5113351436,1
A5034804859,A5111304062,1
A5034804859,A5101269103,1
A5034804859,A5085462607,1
A5010838566,A5102799552,1
A5056061437,A5079222450,1
A5035016214,A5056061437,1
A5021084634,A5056061437,1
A5089270834,A5109537361,1
A5064340404,A5109537361,1
A5064340404,A5089270834,1
A5010838566,A5075134588,1
A5010838566,A5073186665,1
A5010838566,A5050311383,1
A5066981828,A5107078894,1
A5008853066,A5069175255,1
A5005815259,A5047847143,1
A5111304062,A5113352259,1
A5059532796,A5113352259,1
A5111304062,A5113351436,1
A5031115092,A5107569988,1
A5011550028,A5107569988,1
A5000779424,A5107569988,1
A5085108241,A5107471110,1
A5040311489,A5107471110,1
A5066485762,A5093061430,1
A5049491698,A5093061430,1
A5012456671,A5110636207,1
A5041067749,A5107524093,1
A5040311489,A5107524093,1
A5037442851,A5107524093,1
A5005261529,A5107524093,1
A5075134588,A5102799552,1
A5050311383,A5102799552,1
A5050311383,A5075134588,1
A5050311383,A5073186665,1
A5058947016,A5084919011,1
A5059943716,A5089270834,1
A5035753099,A5084490550,1
A5035753099,A5064340404,1
A5028281674,A5042785180,1
A5028281674,A5029426031,1
A5028230309,A5028281674,1
A5004127329,A5058947016,1
A5002413914,A5019882980,1
A5107662963,A5108993711,1
A5064398557,A5108993711,1
A5064398557,A5107662963,1
A5013081585,A5107585605,1
A5093057011,A5093061437,1
A5039559405,A5093061437,1
A5089607531,A5107569988,1
A5113045022,A5114496071,1
A5084247156,A5114496072,1
A5084247156,A5114496071,1
A5084247156,A5113045022,1
A5015384149,A5114496072,1
A5015384149,A5113045022,1
A5015384149,A5084247156,1
A5114495915,A5114495916,1
A5114495914,A5114495916,1
A5114495914,A5114495915,1
A5079307935,A5114429004,1
A5007704084,A5114429004,1
A5103008302,A5114287669,1
A5032466831,A5114287669,1
A5057979110,A5082446603,1
A5058947016,A5089671786,1
A5041030590,A5085295667,1
A5013127587,A5070440861,1
A5013127587,A5046957652,1
A5021071400,A5041030590,1
A5069472796,A5114507787,1
A5114497051,A5114497052,1
A5114497050,A5114497052,1
A5114497050,A5114497051,1
A5015384149,A5114497052,1
A5015384149,A5114497051,1
A5015384149,A5114497050,1
A5022680643,A5114496465,1
A5015384149,A5114496465,1
A5015384149,A5022680643,1
A5114496071,A5114496072,1
A5113045022,A5114496072,1
A5018453135,A5114555497,1
A5018453135,A5114555419,1
A5018453135,A5068596775,1
A5018453135,A5093131041,1
A5009391160,A5093131041,1
A5009391160,A5018453135,1
A5090467867,A5114555457,1
A5090467867,A5114555419,1
A5059975435,A5114555419,1
A5050117172,A5083299566,1
A5072457793,A5080429945,1
A5008432889,A5072457793,1
A5085447597,A5092580952,1
A5085295667,A5092580952,1
A5085295667,A5085447597,1
A5041030590,A5085447597,1
A5114555419,A5114555497,1
A5090082232,A5096717138,1
A5034546401,A5096717138,1
A5042124823,A5111043624,1
A5035314444,A5056751208,1
A5035314444,A5053715739,1
A5000276221,A5053715739,1
A5000276221,A5035314444,1
A5081628355,A5101519470,1
A5081059658,A5101519470,1
A5081059658,A5081628355,1
A5079038315,A5101519470,1
A5079038315,A5081628355,1
A5079038315,A5081059658,1
A5068596775,A5114555497,1
A5068596775,A5114555419,1
A5091000782,A5112102237,1
A5027626183,A5112102237,1
A5009329442,A5046064974,1
A5005784739,A5093995975,1
A5005784739,A5046064974,1
A5005784739,A5009329442,1
A5018839826,A5061799158,1
A5114555515,A5114555516,1
A5114555514,A5114555516,1
A5114555514,A5114555515,1
A5090467867,A5114555516,1
A5090467867,A5114555515,1
A5090467867,A5114555514,1
A5079307935,A5114555516,1
A5079307935,A5114555515,1
A5079307935,A5114555514,1
A5073459961,A5076577290,1
A5114555669,A5114555670,1
A5090467867,A5114555670,1
A5090467867,A5114555669,1
A5059975435,A5114555670,1
A5059975435,A5114555669,1
A5029937074,A5114555670,1
A5029937074,A5114555669,1
A5029937074,A5090467867,1
A5029937074,A5059975435,1
A5073459961,A5102675849,1
A5041030590,A5073459961,1
A5083299566,A5099583317,1
A5083299566,A5093132111,1
A5018453135,A5099583317,1
A5018453135,A5093132111,1
A5080429945,A5114555823,1
A5114555765,A5114555766,1
A5114555764,A5114555766,1
A5114555764,A5114555765,1
A5082656944,A5114555766,1
A5082656944,A5114555765,1
A5082656944,A5114555764,1
A5005784739,A5104188642,1
A5005784739,A5070440861,1
A5005784739,A5026933239,1
A5005784739,A5006927005,1
A5080612617,A5114555730,1
A5076577290,A5114555730,1
A5076577290,A5080612617,1
A5073459961,A5114555730,1
A5073459961,A5080612617,1
A5002738243,A5114555982,1
A5046618723,A5070440861,1
A5027626183,A5113031897,1
A5012777963,A5114555943,1
A5005784739,A5114555943,1
A5083299566,A5093132208,1
A5040686723,A5093132208,1
A5006927005,A5042785180,1
A5090368883,A5099583317,1
A5090368883,A5093132111,1
A5032320827,A5099583317,1
A5032320827,A5093132111,1
A5032320827,A5090368883,1
A5114555892,A5114555893,1
A5073459961,A5114555893,1
A5073459961,A5114555892,1
A5114556104,A5114556106,1
A5114555823,A5114556106,1
A5114555823,A5114556104,1
A5093132326,A5114556106,1
A5093132326,A5114556104,1
A5093132326,A5114555823,1
A5079307935,A5114556106,1
A5079307935,A5114556104,1
A5079307935,A5114555823,1
A5057378918,A5060294105,1
A5052886178,A5060294105,1
A5025126709,A5057378918,1
A5025126709,A5052886178,1
A5055969351,A5070440861,1
A5013221381,A5070440861,1
A5018453135,A5114555982,1
A5006018293,A5075533434,1
A5090411832,A5114768507,1
A5079670706,A5114768507,1
A5046064974,A5114768507,1
A5019268379,A5114768507,1
A5079577666,A5104270091,1
A5080612617,A5114556261,1
A5080429945,A5114556261,1
A5017063496,A5114556261,1
A5114556237,A5114556238,1
A5114556236,A5114556238,1
A5114556236,A5114556237,1
A5093132111,A5114556238,1
A5093132111,A5114556237,1
A5093132111,A5114556236,1
A5020502890,A5090467867,1
A5009416832,A5045533986,1
A5066310608,A5114903124,1
A5020191664,A5114903124,1
A5066310608,A5114883999,1
A5068596770,A5103162617,1
A5033041124,A5103162617,1
A5033041124,A5068596770,1
A5020191664,A5103162617,1
A5020191664,A5068596770,1
A5020191664,A5033041124,1
A5089607531,A5101887722,1
A5088416096,A5089607531,1
A5075533434,A5088416096,1
A5006018293,A5101887722,1
A5006018293,A5089607531,1
A5006018293,A5088416096,1
A5100342139,A5115013853,1
A5038027455,A5115013853,1
A5038027455,A5100342139,1
A5035963786,A5115013853,1
A5035963786,A5100342139,1
A5016179894,A5115013853,1
A5016179894,A5100342139,1
A5016179894,A5038027455,1
A5016179894,A5035963786,1
A5012441298,A5090467867,1
A5012441298,A5057378918,1
A5006890968,A5090467867,1
A5006890968,A5057378918,1
A5006890968,A5052886178,1
A5006890968,A5012441298,1
A5004649569,A5040465130,1
A5052555436,A5081628355,1
A5052555436,A5079038315,1
A5039623433,A5101519470,1
A5039623433,A5081628355,1
A5039623433,A5081059658,1
A5039623433,A5079038315,1
A5039623433,A5068261748,1
A5039623433,A5052555436,1
A5035332489,A5101519470,1
A5035332489,A5081628355,1
A5085295667,A5115093469,1
A5083299566,A5115093469,1
A5034628258,A5073346040,1
A5004837137,A5073346040,1
A5004837137,A5034628258,1
A5093061422,A5102807269,1
A5040752794,A5115411913,1
A5040752794,A5066981828,1
A5065656606,A5115410296,1
A5028689525,A5115410296,1
A5046618723,A5073459961,1
A5017630451,A5046618723,1
A5100417519,A5103162617,1
A5079357080,A5100417519,1
A5000140197,A5100417519,1
A5075134588,A5109121622,1
A5002793178,A5109121622,1
A5068596775,A5110472788,1
A5068261748,A5101519470,1
A5068261748,A5081628355,1
A5068261748,A5079038315,1
A5052555436,A5101519470,1
A5016358600,A5115494753,1
A5016358600,A5038268913,1
A5007704084,A5115494354,1
A5027626183,A5087522441,1
A5027626183,A5069804462,1
A5009602251,A5087522441,1
A5009602251,A5069804462,1
A5031887494,A5115453058,1
A5010003509,A5115453058,1
A5010003509,A5031887494,1
A5100615803,A5115427503,1
A5053053156,A5115427503,1
A5053053156,A5100615803,1
A5011879442,A5115427503,1
A5011879442,A5100615803,1
A5066981828,A5115411913,1
A5001313271,A5086807894,1
A5004127329,A5061281606,1
A5066981828,A5115733630,1
A5035963786,A5115733630,1
A5035963786,A5066981828,1
A5013516547,A5115733630,1
A5013516547,A5035963786,1
A5009583349,A5115733630,1
A5009583349,A5035963786,1
A5031896292,A5103162617,1
A5031896292,A5068596775,1
A5027204368,A5048472072,1
A5115494753,A5115494754,1
A5038268913,A5115494754,1
A5038268913,A5115494753,1
A5016358600,A5115494754,1
A5012611687,A5080167189,1
A5057794736,A5115958827,1
A5026094667,A5115958827,1
A5020240131,A5115958827,1
A5020240131,A5057794736,1
A5025053305,A5109207169,1
A5006004211,A5025053305,1
A5016203654,A5031686943,1
A5046510762,A5059818563,1
A5010164517,A5059818563,1
A5010164517,A5046510762,1
A5005815259,A5062164415,1
A5004649569,A5058783045,1
A5012457528,A5067165664,1
A5012457528,A5041749289,1
A5028689525,A5115745258,1
A5116023335,A5116023336,1
A5018522762,A5116023337,1
A5018522762,A5116023336,1
A5018522762,A5116023335,1
A5116020359,A5116020360,1
A5043484380,A5062865348,1
A5043484380,A5052288164,1
A5039072470,A5043484380,1
A5038133457,A5043484380,1
A5006004211,A5043484380,1
A5046809062,A5080576736,1
A5029610502,A5080576736,1
A5080167189,A5090911532,1
A5035786424,A5080167189,1
A5012611687,A5090911532,1
A5012611687,A5081091578,1
A5041857504,A5101255495,1
A5041857504,A5093056986,1
A5021400778,A5116295556,1
A5021400778,A5101255495,1
A5021400778,A5093056986,1
A5021012063,A5116295556,1
A5021012063,A5101255495,1
A5021012063,A5093056986,1
A5069355721,A5097167529,1
A5021084634,A5097167529,1
A5071898408,A5116100023,1
A5076265511,A5116023445,1
A5066310608,A5116023445,1
A5048167717,A5116023445,1
A5116023336,A5116023337,1
A5116023335,A5116023337,1
A5073346040,A5116308465,1
A5035332489,A5079038315,1
A5035332489,A5039623433,1
A5047197688,A5107665302,1
A5038318396,A5107665302,1
A5093061408,A5111333353,1
A5066416631,A5111333353,1
A5047891913,A5111333353,1
A5031034508,A5111333353,1
A5019882980,A5116308465,1
A5081138570,A5116297131,1
A5076825406,A5081138570,1
A5101255495,A5116295556,1
A5093056986,A5116295556,1
A5093056986,A5101255495,1
A5041857504,A5116295556,1
A5021939980,A5116497354,1
A5021939980,A5058810653,1
A5018548426,A5086174312,1
A5018548426,A5059766483,1
A5017902432,A5086174312,1
A5017902432,A5059766483,1
A5073815334,A5091096408,1
A5058211283,A5073815334,1
A5028246703,A5116422569,1
A5001313271,A5116422569,1
A5020240131,A5063146616,1
A5020240131,A5040311489,1
A5020240131,A5029418432,1
A5005815259,A5036679263,1
A5065294024,A5111363061,1
A5065294024,A5073654003,1
A5019483161,A5031068591,1
A5015088477,A5083299566,1
A5015088477,A5036918477,1
A5015088477,A5031068591,1
A5015088477,A5019483161,1
A5002738243,A5031068591,1
A5002738243,A5015088477,1
A5059766483,A5083299566,1
A5034404865,A5083299566,1
A5032857473,A5084046631,1
A5032857473,A5083299566,1
A5032857473,A5034404865,1
A5083299566,A5116497354,1
A5058810653,A5116497354,1
A5058550087,A5116497354,1
A5058550087,A5058810653,1
A5038861733,A5040311489,1
A5039559405,A5116497615,1
A5024245137,A5084046631,1
A5024245137,A5059766483,1
A5024245137,A5034404865,1
A5021939980,A5084046631,1
A5021939980,A5034404865,1
A5021939980,A5024245137,1
A5066046905,A5082162766,1
A5054693746,A5082162766,1
A5054693746,A5066046905,1
A5116497374,A5116497375,1
A5082162766,A5116497375,1
A5082162766,A5116497374,1
A5031068591,A5083299566,1
A5031068591,A5036918477,1
A5072170613,A5085108241,1
A5066485762,A5113531816,1
A5066485762,A5102265056,1
A5059153287,A5113531816,1
A5059153287,A5102265056,1
A5059153287,A5072170613,1
A5059153287,A5066485762,1
A5040311489,A5113531816,1
A5040311489,A5102265056,1
A5040311489,A5059153287,1
A5038861733,A5113531816,1
A5038861733,A5102265056,1
A5038861733,A5085108241,1
A5038861733,A5072170613,1
A5038861733,A5066485762,1
A5038861733,A5059153287,1
A5053806736,A5083856008,1
A5026069948,A5083856008,1
A5107950648,A5113302931,1
A5061172959,A5113302931,1
A5061172959,A5107950648,1
A5009001838,A5113302931,1
A5009001838,A5107950648,1
A5009001838,A5061172959,1
A5006018293,A5107950648,1
A5081477004,A5116594726,1
A5050281649,A5110482930,1
A5102265056,A5113531816,1
A5085108241,A5113531816,1
A5085108241,A5102265056,1
A5072170613,A5113531816,1
A5072170613,A5102265056,1
A5062293457,A5116829839,1
A5062293457,A5116829838,1
A5029418432,A5116829839,1
A5023407702,A5116829839,1
A5023407702,A5116829838,1
A5023330740,A5116829839,1
A5028584050,A5072937655,1
A5004649569,A5072937655,1
A5004649569,A5040311489,1
A5004649569,A5028584050,1
A5116803114,A5116803115,1
A5047492027,A5073635185,1
A5026069948,A5073635185,1
A5007422831,A5073635185,1
A5062772406,A5116642259,1
A5026069948,A5116642259,1
A5061112340,A5115060530,1
A5061112340,A5092703108,1
A5061112340,A5073589897,1
A5061112340,A5067773694,1
A5061112340,A5061332210,1
A5047867624,A5061112340,1
A5031645938,A5061112340,1
A5022094259,A5061112340,1
A5018695852,A5061112340,1
A5116829838,A5116829839,1
A5090217025,A5116829839,1
A5090217025,A5116829838,1
A5078024597,A5116829839,1
A5078024597,A5116829838,1
A5063146616,A5116829839,1
A5063146616,A5078024597,1
A5044457466,A5117278409,1
A5044457466,A5055985388,1
A5051420539,A5090355343,1
A5044457466,A5090355343,1
A5023159609,A5090355343,1
A5017255643,A5090355343,1
A5015026980,A5090355343,1
A5062213757,A5077983148,1
A5038224687,A5077983148,1
A5038224687,A5062213757,1
A5017902432,A5077983148,1
A5112630211,A5117140280,1
A5112630211,A5117140278,1
A5112630211,A5117140277,1
A5064264542,A5112630211,1
A5028689525,A5117137309,1
A5023159609,A5061048817,1
A5014832940,A5103630333,1
A5014832940,A5102799552,1
A5014832940,A5078356607,1
A5014832940,A5061048817,1
A5014832940,A5051420539,1
A5014832940,A5044457466,1
A5014832940,A5023159609,1
A5018899828,A5117398015,1
A5034546401,A5044946409,1
A5017902432,A5044946409,1
A5005813652,A5027842064,1
A5005822066,A5114425880,1
A5085088183,A5117278409,1
A5055985388,A5117278409,1
A5055985388,A5085088183,1
A5027144601,A5093061408,1
A5027144601,A5066416631,1
A5027144601,A5047891913,1
A5027144601,A5031034508,1
A5025378270,A5111333353,1
A5025378270,A5093061408,1
A5025378270,A5066416631,1
A5025378270,A5047891913,1
A5025378270,A5031034508,1
A5025378270,A5027144601,1
A5061048817,A5078356607,1
A5051420539,A5078356607,1
A5051420539,A5061048817,1
A5044457466,A5078356607,1
A5044457466,A5061048817,1
A5023159609,A5078356607,1
A5013081585,A5102970931,1
A5035535098,A5036070326,1
A5033713931,A5117475394,1
A5004862081,A5117475394,1
A5004862081,A5033713931,1
A5011837220,A5060494214,1
A5038386961,A5059153287,1
A5031793915,A5059153287,1
A5031793915,A5038386961,1
A5028246703,A5033270948,1
A5001313271,A5033270948,1
A5078356607,A5103630333,1
A5078356607,A5102799552,1
A5061048817,A5103630333,1
A5061048817,A5102799552,1
A5027144601,A5111333353,1
A5015534336,A5042785180,1
A5086618908,A5101255496,1
A5085290806,A5102544023,1
A5061360842,A5102544023,1
A5059766483,A5117884775,1
A5068917150,A5117808006,1
A5039762199,A5134099541,1
A5013127587,A5079670706,1
A5013127587,A5019268379,1
A5108721665,A5117600209,1
A5049491698,A5117600209,1
A5049491698,A5108721665,1
A5046865734,A5117600209,1
A5046865734,A5108721665,1
A5046865734,A5049491698,1
A5061210584,A5111248095,1
A5028988732,A5073346040,1
A5028427474,A5073346040,1
A5028427474,A5028988732,1
A5019263447,A5073346040,1
A5019263447,A5028988732,1
A5019882980,A5118667115,1
A5006890968,A5061281606,1
A5000779424,A5006890968,1
A5092321759,A5118667083,1
A5028427474,A5031606609,1
A5019263447,A5031606609,1
A5038318396,A5112363646,1
A5044385837,A5050378541,1
A5005086525,A5045256412,1
A5029619277,A5085290806,1
A5035016214,A5042785180,1
A5092888184,A5109177282,1
A5091096408,A5109177282,1
A5091096408,A5092888184,1
A5058211283,A5109177282,1
A5052249792,A5109177282,1
A5052249792,A5091096408,1
A5036482161,A5074459926,1
A5019882980,A5074459926,1
A5019882980,A5036482161,1
A5040967246,A5118667199,1
A5021823095,A5118667199,1
A5021823095,A5040967246,1
A5000779424,A5118667199,1
A5000779424,A5040967246,1
A5000779424,A5021823095,1
A5019882980,A5036228463,1
A5091552283,A5108902886,1
A5091552283,A5093977130,1
A5053806736,A5111754975,1
A5053806736,A5108902886,1
A5053806736,A5093977130,1
A5026069948,A5111754975,1
A5026069948,A5108902886,1
A5026069948,A5093977130,1
A5026069948,A5091552283,1
A5029342521,A5080777319,1
A5073346040,A5118842656,1
A5054992243,A5067797270,1
A5049368053,A5067797270,1
A5049368053,A5054992243,1
A5022222180,A5067797270,1
A5022222180,A5054992243,1
A5086261734,A5104085092,1
A5086261734,A5090133210,1
A5081059658,A5104085092,1
A5081059658,A5090133210,1
A5081059658,A5086261734,1
A5068261748,A5104085092,1
A5068261748,A5090133210,1
A5068261748,A5086261734,1
A5062465039,A5104085092,1
A5062465039,A5090133210,1
A5062465039,A5086261734,1
A5062465039,A5081059658,1
A5108902886,A5111754975,1
A5093977130,A5111754975,1
A5093977130,A5108902886,1
A5091552283,A5111754975,1
A5029320368,A5070519396,1
A5025378270,A5114110058,1
A5025378270,A5109652311,1
A5025378270,A5029320368,1
A5036098773,A5050906628,1
A5036098773,A5036111737,1
A5000447662,A5036098773,1
A5119029115,A5119029116,1
A5068494219,A5114767681,1
A5041857504,A5114767681,1
A5041857504,A5068494219,1
A5026147008,A5107078894,1
A5005866252,A5107078894,1
A5005866252,A5031793915,1
A5057313578,A5102544023,1
A5090133210,A5104085092,1
A5024745233,A5088473882,1
A5024745233,A5046947277,1
A5024745233,A5038840634,1
A5111924694,A5112693146,1
A5085108241,A5112693146,1
A5085108241,A5111924694,1
A5066485762,A5111924694,1
A5040311489,A5111924694,1
A5015981950,A5114507787,1
A5026340582,A5028246703,1
A5018899828,A5028246703,1
A5109652311,A5114110058,1
A5070519396,A5114110058,1
A5070519396,A5109652311,1
A5029320368,A5114110058,1
A5029320368,A5109652311,1
A5011550028,A5102524384,1
A5011550028,A5093056986,1
A5078378975,A5119218125,1
A5002865947,A5119218125,1
A5002865947,A5078378975,1
A5091145045,A5112910422,1
A5088473882,A5112910422,1
A5088473882,A5091145045,1
A5046947277,A5112910422,1
A5046947277,A5091145045,1
A5046947277,A5088473882,1
A5038840634,A5112910422,1
A5038840634,A5091145045,1
A5038840634,A5088473882,1
A5038840634,A5046947277,1
A5024745233,A5091145045,1
A5007586891,A5017255643,1
A5003682834,A5119428282,1
A5003682834,A5046957652,1
A5003682834,A5029418432,1
A5003682834,A5017255643,1
A5003682834,A5007586891,1
A5113928225,A5115924452,1
A5067165664,A5115924452,1
A5067165664,A5113928225,1
A5023245057,A5115924452,1
A5023245057,A5113928225,1
A5023245057,A5067165664,1
A5008853066,A5044116010,1
A5004585147,A5044116010,1
A5004585147,A5008853066,1
A5093056986,A5102524384,1
A5005815259,A5006541192,1
A5064106068,A5090624421,1
A5041930431,A5090624421,1
A5038515945,A5090624421,1
A5038515945,A5041930431,1
A5112316622,A5119504051,1
A5018899828,A5119504051,1
A5018899828,A5112316622,1
A5046957652,A5119428282,1
A5029418432,A5119428282,1
A5029418432,A5046957652,1
A5017255643,A5119428282,1
A5017255643,A5046957652,1
A5017255643,A5029418432,1
A5007586891,A5119428282,1
A5007586891,A5046957652,1
A5119592280,A5119592282,1
A5119592280,A5119592281,1
A5119591772,A5119591773,1
A5064398557,A5119591773,1
A5064398557,A5119591772,1
A5007598777,A5119591773,1
A5007598777,A5119591772,1
A5007598777,A5064398557,1
A5048472072,A5111488669,1
A5035963786,A5111488669,1
A5035963786,A5048472072,1
A5025759149,A5111488669,1
A5025759149,A5048472072,1
A5019005107,A5040733225,1
A5035963786,A5119540707,1
A5005815259,A5086807894,1
A5029168958,A5103261584,1
A5011550028,A5091095181,1
A5011550028,A5040505246,1
A5028689525,A5119682817,1
A5110259024,A5119673336,1
A5059804215,A5119673336,1
A5059804215,A5110259024,1
A5007667456,A5119673336,1
A5007667456,A5110259024,1
A5007667456,A5059804215,1
A5078838133,A5119673334,1
A5025609733,A5119498008,1
A5031730966,A5068596775,1
A5005872347,A5031730966,1
A5025609733,A5119497904,1
A5119592281,A5119592282,1
A5058961855,A5119845471,1
A5058961855,A5119845470,1
A5058961855,A5085021151,1
A5058961855,A5078488270,1
A5076235726,A5100417054,1
A5068261748,A5100417054,1
A5068261748,A5076235726,1
A5059153287,A5100417054,1
A5059153287,A5076235726,1
A5059153287,A5068261748,1
A5018497457,A5092321759,1
A5081525511,A5119776571,1
A5081525511,A5082524651,1
A5058783045,A5082524651,1
A5058783045,A5081525511,1
A5028317376,A5082524651,1
A5026094667,A5051541232,1
A5015367728,A5092618829,1
A5015367728,A5034546401,1
A5050308411,A5110712144,1
A5011245286,A5110712144,1
A5104297214,A5112808175,1
A5055654168,A5112808175,1
A5055654168,A5104297214,1
A5020216796,A5112808175,1
A5020216796,A5104297214,1
A5020216796,A5055654168,1
A5119845470,A5119845471,1
A5085021151,A5119845471,1
A5085021151,A5119845470,1
A5078488270,A5119845471,1
A5078488270,A5119845470,1
A5120073752,A5120073753,1
A5073346040,A5120073753,1
A5073346040,A5120073752,1
A5090349730,A5120037210,1
A5071243914,A5120037210,1
A5068837175,A5120037210,1
A5041067749,A5120037210,1
A5041067749,A5090349730,1
A5041067749,A5068837175,1
A5026161299,A5120037210,1
A5026161299,A5090349730,1
A5026161299,A5071243914,1
A5026161299,A5068837175,1
A5026161299,A5041067749,1
A5051541232,A5069963352,1
A5026094667,A5069963352,1
A5018522762,A5119497966,1
A5062465039,A5068261748,1
A5020465705,A5104085092,1
A5020465705,A5090133210,1
A5020465705,A5086261734,1
A5020465705,A5081059658,1
A5020465705,A5068261748,1
A5020465705,A5062465039,1
A5007625959,A5104085092,1
A5007625959,A5090133210,1
A5007625959,A5086261734,1
A5007625959,A5081059658,1
A5007625959,A5068261748,1
A5007625959,A5062465039,1
A5007625959,A5020465705,1
A5000447662,A5119497966,1
A5006018293,A5085282432,1
A5073377741,A5076793638,1
A5079825931,A5101284916,1
A5079825931,A5100380772,1
A5006108816,A5082162766,1
A5006108816,A5024208978,1
A5005872347,A5082162766,1
A5005872347,A5006108816,1
A5075448329,A5109646574,1
A5095911651,A5101875393,1
A5018522762,A5095911651,1
A5012733014,A5101875393,1
A5012733014,A5095911651,1
A5012733014,A5018522762,1
A5000447662,A5012733014,1
A5101875393,A5119497966,1
A5093056996,A5104297647,1
A5031083728,A5089198938,1
A5120111371,A5120111372,1
A5111281399,A5120111372,1
A5111281399,A5120111371,1
A5120107823,A5120107824,1
A5120107822,A5120107824,1
A5120107822,A5120107823,1
A5120107821,A5120107824,1
A5120107821,A5120107823,1
A5120107821,A5120107822,1
A5120107820,A5120107824,1
A5120107820,A5120107823,1
A5120107820,A5120107822,1
A5120107820,A5120107821,1
A5100380772,A5101284916,1
A5109121622,A5114174572,1
A5014080263,A5098776137,1
A5004127329,A5010142828,1
A5104297201,A5113938214,1
A5102662530,A5113938214,1
A5097167532,A5113938214,1
A5097167532,A5104297201,1
A5097167532,A5102662530,1
A5093056996,A5113938214,1
A5093056996,A5097167532,1
A5104297647,A5120162285,1
A5104297201,A5120162285,1
A5104297201,A5104297647,1
A5102662530,A5120162285,1
A5102662530,A5104297647,1
A5093056996,A5120162285,1
A5083299566,A5120225868,1
A5044627585,A5120225868,1
A5044627585,A5085295667,1
A5044627585,A5083299566,1
A5018453135,A5064450631,1
A5027894084,A5039559405,1
A5075747142,A5102709744,1
A5002738243,A5102709744,1
A5002738243,A5075747142,1
A5120225836,A5120225837,1
A5002738243,A5120225837,1
A5002738243,A5120225836,1
A5050391301,A5085295667,1
A5050391301,A5083299566,1
A5085295667,A5120225815,1
A5083299566,A5120225815,1
A5103162617,A5120596628,1
A5020248541,A5120596628,1
A5117140278,A5120546464,1
A5117140277,A5120546464,1
A5101887722,A5120546464,1
A5023159609,A5047013089,1
A5114541305,A5120232302,1
A5067424822,A5120232302,1
A5067424822,A5114541305,1
A5102709744,A5108669511,1
A5083299566,A5108669511,1
A5083299566,A5102709744,1
A5080612617,A5093995975,1
A5026933239,A5080612617,1
A5017630451,A5080612617,1
A5085295667,A5120225868,1
A5028490468,A5030538703,1
A5010183979,A5030538703,1
A5010183979,A5093290650,1
A5001410866,A5093290650,1
A5034606192,A5097167602,1
A5034606192,A5089538603,1
A5010183979,A5034606192,1
A5120555895,A5120656934,1
A5120365128,A5120656934,1
A5120365128,A5120555895,1
A5016686841,A5120656934,1
A5016686841,A5120555895,1
A5016686841,A5120365128,1
A5069619445,A5091309334,1
A5041857504,A5091309334,1
A5041857504,A5069619445,1
A5020042787,A5023245057,1
A5019005107,A5109360117,1
A5019005107,A5020042787,1
A5002681668,A5018453135,1
A5002681668,A5007650335,1
A5093061409,A5097167602,1
A5058041943,A5097167602,1
A5047947883,A5064604978,1
A5059857142,A5108003570,1
A5057959785,A5108003570,1
A5057959785,A5059857142,1
A5028689525,A5059857142,1
A5030538703,A5108783705,1
A5030538703,A5080812083,1
A5030538703,A5064941202,1
A5028490468,A5064941202,1
A5004916530,A5029337399,1
A5004916530,A5012577139,1
A5010423483,A5073346040,1
A5038145057,A5084786224,1
A5038145057,A5042785180,1
A5029426031,A5038145057,1
A5028230309,A5038145057,1
A5005815259,A5120621187,1
A5009833460,A5120618632,1
A5057893478,A5120668733,1
A5036482161,A5120668733,1
A5070023661,A5070793003,1
A5006291378,A5070793003,1
A5038115887,A5103087869,1
A5023245057,A5109360117,1
A5020042787,A5109360117,1
A5059532796,A5120684138,1
A5059532796,A5120633511,1
A5056941301,A5120684138,1
A5056941301,A5120633511,1
A5056941301,A5059532796,1
A5021314217,A5120684138,1
A5021314217,A5120633511,1
A5021314217,A5056941301,1
A5080612617,A5111982268,1
A5005784739,A5111982268,1
A5005784739,A5080612617,1
A5052288164,A5120681567,1
A5029337399,A5062164415,1
A5012577139,A5062164415,1
A5012577139,A5029337399,1
A5004916530,A5062164415,1
A5086919974,A5120634622,1
A5078143015,A5120634622,1
A5078143015,A5086919974,1
A5070023661,A5120634622,1
A5070023661,A5086919974,1
A5070023661,A5078143015,1
A5019005107,A5120634622,1
A5000583133,A5120634622,1
A5000583133,A5078143015,1
A5000583133,A5070023661,1
A5050308411,A5120685291,1
A5067165664,A5120586018,1
A5062781019,A5120586018,1
A5041749289,A5120586018,1
A5041749289,A5062781019,1
A5120633511,A5120684138,1
A5035468453,A5066237035,1
A5016998054,A5120713181,1
A5016998054,A5066237035,1
A5016998054,A5035468453,1
A5081763579,A5106110621,1
A5055250831,A5081763579,1
A5036214548,A5083671038,1
A5023245057,A5083671038,1
A5023245057,A5036214548,1
A5086919974,A5120634655,1
A5081763579,A5120634655,1
A5019005107,A5120634655,1
A5023245057,A5082187423,1
A5009025941,A5069164387,1
A5009025941,A5046865734,1
A5120586079,A5120634624,1
A5004849278,A5062052815,1
A5004849278,A5061332210,1
A5004849278,A5032790503,1
A5004849278,A5031645938,1
A5004849278,A5022094259,1
A5004849278,A5006248832,1
A5084953604,A5089198938,1
A5061172959,A5084953604,1
A5021432908,A5084953604,1
A5029418432,A5120690008,1
A5023330740,A5120690008,1
A5023330740,A5040752794,1
A5067165664,A5120713181,1
A5066237035,A5120713181,1
A5066237035,A5067165664,1
A5035468453,A5120713181,1
A5085108241,A5119497943,1
A5085108241,A5101554684,1
A5074970765,A5119497943,1
A5074970765,A5085108241,1
A5063146616,A5119497943,1
A5063146616,A5085108241,1
A5029418432,A5119497943,1
A5029418432,A5101554684,1
A5029418432,A5085108241,1
A5029418432,A5074970765,1
A5078024597,A5120690008,1
A5040752794,A5120690008,1
A5040752794,A5078024597,1
A5004849278,A5085570120,1
A5004849278,A5073589897,1
A5004849278,A5067773694,1
A5033249173,A5078848946,1
A5026779946,A5078848946,1
A5026779946,A5069056768,1
A5026779946,A5033249173,1
A5019003378,A5078848946,1
A5019003378,A5026779946,1
A5087522441,A5093995975,1
A5055969351,A5093995975,1
A5013221381,A5093995975,1
A5085290806,A5093057020,1
A5063544173,A5093057020,1
A5045248167,A5070311498,1
A5025590719,A5070311498,1
A5026346755,A5041067749,1
A5026346755,A5040311489,1
A5060960096,A5081691914,1
A5073346040,A5119497881,1
A5063653524,A5121491489,1
A5063653524,A5121456952,1
A5063653524,A5121446834,1
A5063653524,A5119498088,1
A5063653524,A5119497881,1
A5063653524,A5073346040,1
A5019083557,A5114556238,1
A5058211283,A5058289702,1
A5031016161,A5045182316,1
A5012733014,A5045182316,1
A5012733014,A5031016161,1
A5121090201,A5121110757,1
A5121054383,A5121110757,1
A5121054383,A5121090201,1
A5069056768,A5078848946,1
A5103162617,A5121565292,1
A5101875393,A5121565292,1
A5121456952,A5121491489,1
A5121446834,A5121491489,1
A5121446834,A5121456952,1
A5119498088,A5121491489,1
A5119498088,A5121456952,1
A5119498088,A5121446834,1
A5119497881,A5121491489,1
A5119497881,A5121456952,1
A5119497881,A5121446834,1
A5119497881,A5119498088,1
A5073346040,A5121491489,1
A5073346040,A5121456952,1
A5073346040,A5121446834,1
A5073346040,A5119498088,1
A5103630333,A5121847297,1
A5080777319,A5121850402,1
A5080777319,A5121847297,1
A5080777319,A5103630333,1
A5051420539,A5121850402,1
A5051420539,A5121847297,1
A5051420539,A5080777319,1
A5023159609,A5121850402,1
A5023159609,A5121847297,1
A5023159609,A5080777319,1
A5103162617,A5121527353,1
A5101875393,A5121527353,1
A5121525482,A5121531789,1
A5066310608,A5121531789,1
A5066310608,A5121525482,1
A5038318396,A5121533748,1
A5049681573,A5122022621,1
A5006018293,A5084953604,1
A5022208664,A5031034508,1
A5011625282,A5073589897,1
A5011625282,A5067773694,1
A5011625282,A5061332210,1
A5122184143,A5122252476,1
A5122170194,A5122252476,1
A5122170194,A5122184143,1
A5085502627,A5093056992,1
A5065661527,A5093056992,1
A5033327204,A5093056992,1
A5080823565,A5121882054,1
A5018311810,A5121882054,1
A5121847297,A5121850402,1
A5103630333,A5121850402,1
A5029337399,A5061210584,1
A5120618632,A5123478084,1
A5012880528,A5123478084,1
A5073329391,A5086807894,1
A5046005721,A5059000250,1
A5034546401,A5046005721,1
A5024933061,A5059000250,1
A5024933061,A5046005721,1
A5024933061,A5034546401,1
A5026690311,A5146593763,1
A5121847297,A5122543572,1
A5106984267,A5122543572,1
A5106984267,A5121847297,1
A5015303581,A5122463824,1
A5004862081,A5122463824,1
A5004862081,A5015303581,1
A5026069948,A5124813774,1
A5101887722,A5124479086,1
A5075533434,A5124479086,1
A5085088183,A5124606239,1
A5020190330,A5124606239,1
A5079307935,A5124375455,1
A5028689525,A5124375455,1
A5028689525,A5079307935,1
A5102927308,A5123034275,1
A5052165806,A5146815618,1
A5124061294,A5124075527,1
A5123913387,A5123945178,1
A5062772406,A5123945178,1
A5101301423,A5123871184,1
A5038273643,A5090429395,1
A5014398660,A5066042037,1
A5034144507,A5124873056,1
A5124771488,A5124819627,1
A5026147008,A5124819627,1
A5026147008,A5124771488,1
A5005866252,A5124819627,1
A5005866252,A5124771488,1
A5124213945,A5124867517,1
A5082492289,A5124867517,1
A5082492289,A5124213945,1
A5059197775,A5124867517,1
A5059197775,A5124213945,1
A5073340466,A5124813774,1
A5065084679,A5124813774,1
A5062772406,A5124813774,1
A5033145374,A5124813774,1
A5033145374,A5065084679,1
A5051316283,A5104297201,1
A5051316283,A5085282432,1
A5046626587,A5125146160,1
A5046626587,A5104297201,1
A5046626587,A5085282432,1
A5046626587,A5069056768,1
A5046626587,A5051316283,1
A5033249173,A5125146160,1
A5033249173,A5104297201,1
A5033249173,A5046626587,1
A5019003378,A5125146160,1
A5019003378,A5104297201,1
A5019003378,A5085282432,1
A5019003378,A5046626587,1
A5003135331,A5101267669,1
A5070793003,A5124928860,1
A5064340404,A5125630131,1
A5059943716,A5125655914,1
A5059943716,A5125630131,1
A5031276145,A5125655914,1
A5031276145,A5125630131,1
A5031276145,A5064340404,1
A5031276145,A5059943716,1
A5004740474,A5125357124,1
A5073329391,A5125266733,1
A5008731728,A5020248541,1
A5104297201,A5125146160,1
A5085282432,A5125146160,1
A5085282432,A5104297201,1
A5069056768,A5125146160,1
A5069056768,A5104297201,1
A5051316283,A5125146160,1
A5117140277,A5123012354,1
A5011625282,A5032790503,1
A5011625282,A5031645938,1
A5011625282,A5022094259,1
A5006248832,A5011625282,1
A5049363465,A5069472796,1
A5011705533,A5069472796,1
A5086225695,A5091082954,1
A5066416631,A5091082954,1
A5101887722,A5123012354,1
A5101887722,A5117140280,1
A5064264542,A5126313912,1
A5064264542,A5123012354,1
A5126293264,A5126352139,1
A5125630131,A5125655914,1
A5064340404,A5125655914,1
A5009833460,A5126733096,1
A5009833460,A5126670435,1
A5009833460,A5101554684,1
A5009833460,A5040311489,1
A5122052359,A5126534286,1
A5043277399,A5126534286,1
A5043277399,A5122052359,1
A5091293568,A5124931370,1
A5041030590,A5124931370,1
A5047946795,A5077030794,1
A5047946795,A5071622505,1
A5040505246,A5047946795,1
A5123012354,A5126313912,1
A5117140280,A5126313912,1
A5117140280,A5123012354,1
A5117140277,A5126313912,1
A5006248832,A5127340149,1
A5006248832,A5127101403,1
A5006248832,A5127041291,1
A5082109754,A5123245151,1
A5079307935,A5123245151,1
A5084965753,A5122979813,1
A5077008109,A5122979813,1
A5077008109,A5084965753,1
A5053758884,A5122979813,1
A5053758884,A5077008109,1
A5048825339,A5122979813,1
A5048825339,A5084965753,1
A5048825339,A5077008109,1
A5126670435,A5126733096,1
A5101554684,A5126733096,1
A5040311489,A5126733096,1
A5029247042,A5128012142,1
A5029247042,A5079307935,1
A5025759149,A5128012142,1
A5025759149,A5029247042,1
A5088779191,A5101517139,1
A5076825406,A5101517139,1
A5025923074,A5101517139,1
A5127238222,A5127340149,1
A5127101403,A5127340149,1
A5127101403,A5127238222,1
A5127041291,A5127340149,1
A5127041291,A5127238222,1
A5127041291,A5127101403,1
A5127004419,A5127340149,1
A5127004419,A5127101403,1
A5127004419,A5127041291,1
A5042263832,A5128152985,1
A5042263832,A5071913571,1
A5042263832,A5063628434,1
A5038273643,A5128152985,1
A5038273643,A5071913571,1
A5038273643,A5063628434,1
A5038273643,A5042263832,1
A5127916826,A5128014668,1
A5098776137,A5128014668,1
A5098776137,A5127916826,1
A5083299566,A5128014668,1
A5083299566,A5127916826,1
A5036918477,A5128014668,1
A5036918477,A5127916826,1
A5036918477,A5098776137,1
A5079307935,A5128012142,1
A5057794736,A5086225695,1
A5025590719,A5091082954,1
A5025590719,A5057794736,1
A5057212215,A5058025730,1
A5031661472,A5058025730,1
A5031661472,A5057212215,1
A5002105010,A5058025730,1
A5002105010,A5057212215,1
A5097167595,A5126670435,1
A5097167595,A5101554684,1
A5063146616,A5126670435,1
A5063146616,A5097167595,1
A5040311489,A5097167595,1
A5071913571,A5128152985,1
A5063628434,A5128152985,1
A5063628434,A5071913571,1
A5030239070,A5086895514,1
A5009833460,A5086895514,1
A5128060169,A5128127997,1
A5047867624,A5128127997,1
A5047867624,A5128060169,1
A5128061957,A5128095738,1
A5128044130,A5128095738,1
A5128044130,A5128061957,1
A5110511927,A5128095738,1
A5110511927,A5128061957,1
A5110511927,A5128044130,1
A5035016214,A5086544103,1
A5010429452,A5086544103,1
A5010429452,A5035016214,1
A5010429452,A5021084634,1
A5057794736,A5091082954,1
A5052288164,A5052518651,1
A5039072470,A5052518651,1
A5008320331,A5088473882,1
A5008320331,A5009465064,1
A5059943716,A5080792753,1
A5047492027,A5080792753,1
A5024204046,A5080792753,1
A5011550028,A5080792753,1
A5063856302,A5085290806,1
A5081110597,A5101576006,1
A5062772406,A5090150599,1
A5033145374,A5090150599,1
A5022094259,A5090150599,1
A5022094259,A5062772406,1
A5022094259,A5033145374,1
A5081316231,A5086895514,1
A5128043511,A5128078304,1
A5128043511,A5128074452,1
A5128043511,A5128043885,1
A5128043142,A5128087064,1
A5128043142,A5128078304,1
A5128043142,A5128043511,1
A5128039200,A5128087064,1
A5128039200,A5128078304,1
A5128039200,A5128043511,1
A5047867624,A5128087064,1
A5047867624,A5128078304,1
A5047867624,A5128043511,1
A5128063015,A5128064634,1
A5128054360,A5128064634,1
A5128054360,A5128063015,1
A5052518651,A5062865348,1
A5128073024,A5128084446,1
A5128087064,A5128121757,1
A5128087064,A5128102046,1
A5128087064,A5128091949,1
A5128078304,A5128121757,1
A5128078304,A5128102046,1
A5128078304,A5128091949,1
A5128078304,A5128087064,1
A5128074452,A5128087064,1
A5128074452,A5128078304,1
A5128043885,A5128087064,1
A5128043885,A5128078304,1
A5128043511,A5128121757,1
A5128043511,A5128102046,1
A5128043511,A5128091949,1
A5128043511,A5128087064,1
A5120255313,A5128638727,1
A5073459961,A5128677311,1
A5073459961,A5128638727,1
A5073459961,A5120255313,1
A5031241224,A5128677311,1
A5031241224,A5128638727,1
A5031241224,A5120255313,1
A5031241224,A5073459961,1
A5102326824,A5103237044,1
A5008448161,A5103237044,1
A5016863698,A5128259050,1
A5128091121,A5128099952,1
A5128084446,A5128099952,1
A5128084446,A5128091121,1
A5128073024,A5128099952,1
A5128073024,A5128091121,1
A5038133457,A5052518651,1
A5028350394,A5052518651,1
A5006004211,A5052518651,1
A5005210595,A5052518651,1
A5053835262,A5090433651,1
A5053835262,A5078864884,1
A5128706759,A5128751202,1
A5073459961,A5128751202,1
A5073459961,A5128706759,1
A5042124823,A5128751202,1
A5042124823,A5128706759,1
A5026933239,A5128751202,1
A5026933239,A5128706759,1
A5128739752,A5128761707,1
A5128638727,A5128677311,1
A5120255313,A5128677311,1
A5129138442,A5129146109,1
A5014358402,A5068119494,1
A5038956982,A5069129706,1
A5026275254,A5069129706,1
A5037315667,A5129285684,1
A5037315667,A5129184779,1
A5037315667,A5129146109,1
A5037315667,A5129138442,1
A5027885215,A5129285684,1
A5027885215,A5129184779,1
A5027885215,A5129146109,1
A5027885215,A5129138442,1
A5027885215,A5037315667,1
A5117140278,A5126313912,1
A5075533434,A5126313912,1
A5078864884,A5090433651,1
A5007651617,A5018088021,1
A5129215357,A5129279098,1
A5129112784,A5129279098,1
A5129112784,A5129215357,1
A5109785749,A5129279098,1
A5109785749,A5129215357,1
A5109785749,A5129112784,1
A5037315667,A5129279098,1
A5037315667,A5129215357,1
A5037315667,A5129112784,1
A5037315667,A5109785749,1
A5129184779,A5129285684,1
A5129146109,A5129285684,1
A5129146109,A5129184779,1
A5129138442,A5129285684,1
A5129138442,A5129184779,1
A5089607531,A5146728329,1
A5089607531,A5117140278,1
A5075533434,A5146728329,1
A5053781215,A5130230590,1
A5043920608,A5130230590,1
A5026933239,A5126691888,1
A5009329442,A5126691888,1
A5009329442,A5026933239,1
A5064398557,A5130181767,1
A5038318396,A5130181767,1
A5012733014,A5130102686,1
A5129681579,A5129739085,1
A5129588646,A5129739085,1
A5129588646,A5129681579,1
A5052718424,A5064340404,1
A5023515567,A5102468132,1
A5011550028,A5132760827,1
A5079307935,A5132720039,1
A5024245137,A5132720039,1
A5036837627,A5101275457,1
A5130981509,A5130988017,1
A5130925979,A5130988017,1
A5130925979,A5130981509,1
A5110391122,A5130975579,1
A5079307935,A5147567164,1
A5035963786,A5147567164,1
A5035963786,A5079307935,1
A5025759149,A5147567164,1
A5024245137,A5147567164,1
A5024245137,A5035963786,1
A5024245137,A5025759149,1
A5117140278,A5146728329,1
A5078715828,A5133256042,1
A5122331829,A5133263527,1
A5044116010,A5133260714,1
A5007651617,A5133260714,1
A5003957478,A5133260714,1
A5132844222,A5132868510,1
A5069166021,A5132868510,1
A5069166021,A5132844222,1
A5126670435,A5132758067,1
A5040311489,A5132758067,1
A5132760827,A5132781300,1
A5132752233,A5132781300,1
A5132752233,A5132760827,1
A5059943716,A5132781300,1
A5059943716,A5132760827,1
A5011550028,A5132781300,1
A5040026669,A5133743858,1
A5040026669,A5076055277,1
A5040026669,A5074618716,1
A5001811145,A5133743858,1
A5001811145,A5076055277,1
A5001811145,A5074618716,1
A5001811145,A5040026669,1
A5094332444,A5133552253,1
A5017049663,A5133552253,1
A5133494574,A5133547172,1
A5112102237,A5133391782,1
A5013127587,A5133391782,1
A5009640284,A5133391782,1
A5004862081,A5133391782,1
A5023515567,A5133339816,1
A5049363465,A5085290806,1
A5079357080,A5134267018,1
A5000140197,A5134267018,1
A5081525511,A5134099541,1
A5028317376,A5134099541,1
A5029499204,A5124959276,1
A5027205510,A5124959276,1
A5027205510,A5029499204,1
A5085295667,A5133835171,1
A5062150823,A5133835171,1
A5031884521,A5133835171,1
A5090433651,A5133798907,1
A5057028183,A5133798907,1
A5045295259,A5133729762,1
A5076055277,A5133743858,1
A5074618716,A5133743858,1
A5074618716,A5076055277,1
A5080823565,A5134783939,1
A5080823565,A5091241482,1
A5134636182,A5134636969,1
A5134634485,A5134636969,1
A5134634485,A5134636182,1
A5051546269,A5134636969,1
A5051546269,A5134636182,1
A5051546269,A5134634485,1
A5134260766,A5134344218,1
A5134257394,A5134344218,1
A5134257394,A5134260766,1
A5035802374,A5134344218,1
A5035802374,A5134260766,1
A5035802374,A5134257394,1
A5104125566,A5104270091,1
A5103162617,A5134267018,1
A5062150823,A5112102237,1
A5062150823,A5093995975,1
A5042124823,A5134881053,1
A5042124823,A5112102237,1
A5042124823,A5062150823,1
A5026933239,A5134881053,1
A5026933239,A5112102237,1
A5026933239,A5062150823,1
A5134821902,A5134839238,1
A5134783939,A5134813886,1
A5091241482,A5134813886,1
A5091241482,A5134783939,1
A5087392291,A5134813886,1
A5087392291,A5134783939,1
A5087392291,A5091241482,1
A5080823565,A5134813886,1
A5085486855,A5135164949,1
A5085486855,A5121054963,1
A5040520835,A5135164949,1
A5040520835,A5121054963,1
A5135155139,A5135206248,1
A5135124277,A5135206248,1
A5135124277,A5135155139,1
A5046957652,A5135206248,1
A5046957652,A5135155139,1
A5046957652,A5135124277,1
A5062772406,A5123492743,1
A5033145374,A5123492743,1
A5007586891,A5123492743,1
A5112102237,A5134881053,1
A5093995975,A5134881053,1
A5062150823,A5134881053,1
A5097277445,A5135851315,1
A5135791211,A5135803799,1
A5104297201,A5135803799,1
A5104297201,A5135791211,1
A5102662530,A5135803799,1
A5102662530,A5135791211,1
A5093056996,A5135803799,1
A5093056996,A5135791211,1
A5034546401,A5135561912,1
A5004159752,A5135561912,1
A5135448853,A5135531279,1
A5084543636,A5135531279,1
A5084543636,A5135448853,1
A5053758884,A5135313491,1
A5010753547,A5135407904,1
A5121054963,A5135164949,1
A5136002825,A5136026594,1
A5026275254,A5038956982,1
A5025378270,A5069129706,1
A5025378270,A5038956982,1
A5025378270,A5026275254,1
A5011251239,A5069129706,1
A5011251239,A5038956982,1
A5011251239,A5026275254,1
A5089198938,A5113941756,1
A5042175055,A5113941756,1
A5034092934,A5113941756,1
A5021432908,A5113941756,1
A5119497916,A5136041129,1
A5119497916,A5136026594,1
A5119497916,A5136002825,1
A5097139661,A5135922423,1
A5136102106,A5136172504,1
A5136102106,A5136166414,1
A5136102106,A5136166229,1
A5136102106,A5136152760,1
A5136101928,A5136172504,1
A5136101928,A5136166414,1
A5136101928,A5136166229,1
A5136101928,A5136152760,1
A5136101928,A5136102106,1
A5082874697,A5136166414,1
A5082874697,A5136166229,1
A5082874697,A5136152760,1
A5082874697,A5136102106,1
A5082874697,A5136101928,1
A5136026594,A5136041129,1
A5136002825,A5136041129,1
A5022282553,A5136436956,1
A5022282553,A5136368529,1
A5022282553,A5059943716,1
A5013477317,A5136436956,1
A5013477317,A5136368529,1
A5013477317,A5022282553,1
A5011550028,A5136436956,1
A5011550028,A5136368529,1
A5011550028,A5022282553,1
A5091398083,A5136128045,1
A5136166414,A5136172504,1
A5136166229,A5136172504,1
A5136166229,A5136166414,1
A5136152760,A5136172504,1
A5136152760,A5136166414,1
A5136152760,A5136166229,1
A5136406913,A5136408505,1
A5102799552,A5136434191,1
A5102799552,A5136408505,1
A5102799552,A5136406913,1
A5073186665,A5136434191,1
A5073186665,A5136408505,1
A5073186665,A5136406913,1
A5051420539,A5136434191,1
A5051420539,A5136408505,1
A5051420539,A5136406913,1
A5023159609,A5136434191,1
A5023159609,A5136408505,1
A5023159609,A5136406913,1
A5136368529,A5136436956,1
A5059943716,A5136436956,1
A5059943716,A5136368529,1
A5004862081,A5121054383,1
A5061799158,A5136493192,1
A5059766483,A5136493192,1
A5136383106,A5136438817,1
A5136378029,A5136421773,1
A5136377034,A5136421773,1
A5136377034,A5136378029,1
A5059532796,A5136421773,1
A5059532796,A5136378029,1
A5059532796,A5136377034,1
A5019948378,A5136421773,1
A5019948378,A5136378029,1
A5019948378,A5136377034,1
A5019948378,A5059532796,1
A5136408505,A5136434191,1
A5136406913,A5136434191,1
A5072874626,A5077693136,1
A5029426031,A5136520241,1
A5029426031,A5077693136,1
A5028230309,A5136520241,1
A5028230309,A5077693136,1
A5006927005,A5136520241,1
A5006927005,A5077693136,1
A5006927005,A5072874626,1
A5006927005,A5028230309,1
A5103261584,A5136594177,1
A5046064974,A5136594177,1
A5046064974,A5103261584,1
A5013127587,A5136594177,1
A5013127587,A5103261584,1
A5004862081,A5136594177,1
A5086544103,A5121054383,1
A5062740162,A5136685088,1
A5062740162,A5136684863,1
A5062740162,A5136661873,1
A5062740162,A5136647492,1
A5062740162,A5136640255,1
A5062740162,A5094106121,1
A5136649217,A5136714184,1
A5023245057,A5136649217,1
A5136660805,A5136676237,1
A5136634604,A5136702247,1
A5136634604,A5136659327,1
A5069355721,A5136702247,1
A5069355721,A5136659327,1
A5069355721,A5136634604,1
A5077693136,A5136520241,1
A5072874626,A5136520241,1
A5136647492,A5136714646,1
A5136647492,A5136685088,1
A5136647492,A5136684863,1
A5136647492,A5136661873,1
A5136640255,A5136714646,1
A5136640255,A5136685088,1
A5136640255,A5136684863,1
A5136640255,A5136661873,1
A5136640255,A5136647492,1
A5094106121,A5136714646,1
A5094106121,A5136685088,1
A5094106121,A5136684863,1
A5094106121,A5136661873,1
A5094106121,A5136647492,1
A5094106121,A5136640255,1
A5062740162,A5136714646,1
A5136635886,A5136680510,1
A5136635886,A5136661873,1
A5136628966,A5136685088,1
A5136628966,A5136680510,1
A5136628966,A5136661873,1
A5136628966,A5136635886,1
A5091241482,A5136685088,1
A5091241482,A5136680510,1
A5091241482,A5136661873,1
A5091241482,A5136635886,1
A5091241482,A5136628966,1
A5136685088,A5136714646,1
A5136684863,A5136714646,1
A5136684863,A5136685088,1
A5136661873,A5136714646,1
A5136661873,A5136684863,1
A5136668297,A5136702247,1
A5136659327,A5136668297,1
A5136701368,A5136716457,1
A5136627291,A5136645423,1
A5058041943,A5136645423,1
A5058041943,A5136627291,1
A5023358975,A5091241482,1
A5136691876,A5136716318,1
A5136680172,A5136716318,1
A5136680172,A5136691876,1
A5135383448,A5136716318,1
A5135383448,A5136691876,1
A5135383448,A5136680172,1
A5136680510,A5136685088,1
A5136661873,A5136680510,1
A5136635886,A5136685088,1
A5136649217,A5136707712,1
A5136628966,A5136707712,1
A5136628966,A5136649217,1
A5136641166,A5136676237,1
A5010183979,A5136676237,1
A5010183979,A5136641166,1
A5136640848,A5136692839,1
A5122301109,A5136692839,1
A5122301109,A5136640848,1
A5109543313,A5136640848,1
A5136615986,A5136643608,1
A5097082710,A5136668297,1
A5069355721,A5136668297,1
A5069355721,A5097082710,1
A5038115887,A5136668297,1
A5038115887,A5097082710,1
A5053606885,A5119761238,1
A5136752402,A5136758835,1
A5134344218,A5136758835,1
A5134344218,A5136752402,1
A5115733630,A5125313068,1
A5070023661,A5102599832,1
A5136639079,A5136646933,1
A5104830855,A5136646933,1
A5104830855,A5136639079,1
A5020433080,A5136646933,1
A5020433080,A5136639079,1
A5016011483,A5136646933,1
A5016011483,A5136639079,1
A5046279317,A5136718376,1
A5000581165,A5136718376,1
A5000581165,A5046279317,1
A5137560129,A5137579337,1
A5137560129,A5137568262,1
A5137530623,A5137579337,1
A5137530623,A5137568262,1
A5137530623,A5137560129,1
A5137472364,A5137474008,1
A5053781215,A5137474008,1
A5053781215,A5137472364,1
A5086919974,A5120586079,1
A5035468453,A5120586079,1
A5035468453,A5086919974,1
A5005764867,A5137210398,1
A5076825406,A5137278509,1
A5026069948,A5137278509,1
A5025923074,A5137278509,1
A5014041682,A5137278509,1
A5135608994,A5137779093,1
A5135608994,A5137725772,1
A5132760009,A5137779093,1
A5132760009,A5137725772,1
A5132760009,A5135608994,1
A5024200141,A5137664825,1
A5102567184,A5137654464,1
A5008569251,A5137654464,1
A5008569251,A5102567184,1
A5137534500,A5137560467,1
A5137527208,A5137560467,1
A5137527208,A5137534500,1
A5112281337,A5137560467,1
A5112281337,A5137534500,1
A5112281337,A5137527208,1
A5137568262,A5137579337,1
A5137754048,A5137801122,1
A5071692542,A5137801122,1
A5071692542,A5137754048,1
A5004009482,A5137801122,1
A5004009482,A5137754048,1
A5137804574,A5137806245,1
A5137738571,A5137806245,1
A5137738571,A5137804574,1
A5032925024,A5137806245,1
A5032925024,A5137804574,1
A5032925024,A5137738571,1
A5031793915,A5137806245,1
A5031793915,A5137804574,1
A5031793915,A5137738571,1
A5031793915,A5032925024,1
A5137725772,A5137779093,1
A5138228049,A5138262306,1
A5138228049,A5138231154,1
A5138225083,A5138262306,1
A5138225083,A5138231154,1
A5138225083,A5138228049,1
A5138144916,A5138154899,1
A5132752233,A5138154899,1
A5132752233,A5138144916,1
A5059943716,A5138154899,1
A5059943716,A5138144916,1
A5013477317,A5138154899,1
A5013477317,A5138144916,1
A5013477317,A5132752233,1
A5011550028,A5138154899,1
A5011550028,A5138144916,1
A5137534989,A5137971503,1
A5092176152,A5124191190,1
A5092176152,A5106957401,1
A5091552283,A5138660015,1
A5091552283,A5124191190,1
A5091552283,A5106957401,1
A5111261282,A5138268676,1
A5138229752,A5138286213,1
A5138226046,A5138286213,1
A5138226046,A5138229752,1
A5111261282,A5138286213,1
A5111261282,A5138226046,1
A5036691522,A5138286213,1
A5036691522,A5138229752,1
A5036691522,A5138226046,1
A5036691522,A5111261282,1
A5138231154,A5138262306,1
A5021432908,A5042175055,1
A5021432908,A5034092934,1
A5009006392,A5113941756,1
A5009006392,A5089198938,1
A5009006392,A5042175055,1
A5009006392,A5034092934,1
A5009006392,A5021432908,1
A5004862081,A5138678142,1
A5004862081,A5018839826,1
A5138648016,A5138653774,1
A5101887722,A5138653774,1
A5101887722,A5138648016,1
A5124191190,A5138660015,1
A5106957401,A5138660015,1
A5106957401,A5124191190,1
A5092176152,A5138660015,1
A5123478084,A5138980147,1
A5115590669,A5139014328,1
A5115590669,A5138994427,1
A5115590669,A5138980147,1
A5016914341,A5138713227,1
A5138725667,A5138746806,1
A5133798907,A5138746806,1
A5133798907,A5138725667,1
A5088473882,A5120701137,1
A5046461633,A5120701137,1
A5021234121,A5120701137,1
A5021234121,A5088473882,1
A5021234121,A5046461633,1
A5018839826,A5138678142,1
A5013127587,A5138678142,1
A5013127587,A5018839826,1
A5119497943,A5126670435,1
A5112693146,A5139190141,1
A5112693146,A5126670435,1
A5112693146,A5119497943,1
A5101554684,A5139190141,1
A5101554684,A5112693146,1
A5066485762,A5139190141,1
A5066485762,A5126670435,1
A5066485762,A5119497943,1
A5066485762,A5101554684,1
A5040311489,A5139190141,1
A5138994427,A5139014328,1
A5138980147,A5139014328,1
A5138980147,A5138994427,1
A5123478084,A5139014328,1
A5123478084,A5138994427,1
A5014041682,A5139597457,1
A5014041682,A5139580341,1
A5014041682,A5122492657,1
A5070023661,A5089287618,1
A5016740299,A5089287618,1
A5034546401,A5139351523,1
A5122420242,A5139297804,1
A5053758884,A5139297804,1
A5053758884,A5122420242,1
A5048825339,A5139297804,1
A5048825339,A5122420242,1
A5022747376,A5038273643,1
A5004301418,A5038273643,1
A5004301418,A5022747376,1
A5126670435,A5139190141,1
A5119497943,A5139190141,1
A5022094259,A5082874697,1
A5006248832,A5139668452,1
A5006248832,A5136172504,1
A5006248832,A5082874697,1
A5103841741,A5139544654,1
A5073459961,A5139544654,1
A5034546401,A5139544654,1
A5017902432,A5139544654,1
A5004159752,A5139544654,1
A5139580341,A5139597457,1
A5122492657,A5139580341,1
A5088779191,A5139597457,1
A5088779191,A5139580341,1
A5088779191,A5122492657,1
A5073340466,A5139580341,1
A5026069948,A5139580341,1
A5082874697,A5139668452,1
A5082874697,A5092703108,1
A5073589897,A5139668452,1
A5073589897,A5136172504,1
A5073589897,A5082874697,1
A5061332210,A5139668452,1
A5061332210,A5136172504,1
A5061332210,A5082874697,1
A5047867624,A5139668452,1
A5047867624,A5136172504,1
A5047867624,A5082874697,1
A5031645938,A5139668452,1
A5031645938,A5136172504,1
A5031645938,A5082874697,1
A5022094259,A5139668452,1
A5022094259,A5136172504,1
A5068119494,A5139791844,1
A5065084679,A5139791844,1
A5062772406,A5139791844,1
A5009416832,A5139791844,1
A5009416832,A5073340466,1
A5009416832,A5068119494,1
A5009416832,A5065084679,1
A5009416832,A5062772406,1
A5091552283,A5139793805,1
A5053806736,A5139793805,1
A5073459961,A5081989356,1
A5046957652,A5081989356,1
A5026933239,A5081989356,1
A5136172504,A5139668452,1
A5092703108,A5139668452,1
A5092703108,A5136172504,1
A5025923074,A5086332748,1
A5025923074,A5079444680,1
A5025923074,A5045715028,1
A5003710995,A5027626183,1
A5002738243,A5027626183,1
A5002738243,A5003710995,1
A5116829838,A5139999511,1
A5091446332,A5139999511,1
A5091446332,A5116829838,1
A5063146616,A5139999511,1
A5063146616,A5091446332,1
A5029418432,A5139999511,1
A5029418432,A5091446332,1
A5023330740,A5139999511,1
A5023330740,A5091446332,1
A5073340466,A5139791844,1
A5053806736,A5086332748,1
A5045715028,A5139972368,1
A5045715028,A5139597457,1
A5045715028,A5122492657,1
A5045715028,A5108201812,1
A5045715028,A5086332748,1
A5045715028,A5079444680,1
A5045715028,A5073340466,1
A5045715028,A5053806736,1
A5026069948,A5139972368,1
A5026069948,A5108201812,1
A5026069948,A5045715028,1
A5025923074,A5139972368,1
A5025923074,A5139597457,1
A5025923074,A5122492657,1
A5025923074,A5108201812,1
A5086332748,A5139972368,1
A5086332748,A5139597457,1
A5086332748,A5122492657,1
A5086332748,A5108201812,1
A5079444680,A5139972368,1
A5079444680,A5139597457,1
A5079444680,A5122492657,1
A5079444680,A5108201812,1
A5079444680,A5086332748,1
A5073340466,A5139972368,1
A5073340466,A5108201812,1
A5073340466,A5086332748,1
A5053806736,A5139972368,1
A5053806736,A5139597457,1
A5053806736,A5122492657,1
A5053806736,A5108201812,1
A5017630451,A5078715828,1
A5017630451,A5021084634,1
A5140030628,A5140039146,1
A5125458245,A5140039146,1
A5125458245,A5140030628,1
A5028350394,A5140039146,1
A5028350394,A5140030628,1
A5028350394,A5125458245,1
A5006004211,A5140039146,1
A5006004211,A5140030628,1
A5006004211,A5125458245,1
A5139597457,A5139972368,1
A5122492657,A5139972368,1
A5108201812,A5139972368,1
A5108201812,A5139597457,1
A5108201812,A5122492657,1
A5029418432,A5112180982,1
A5029418432,A5084422415,1
A5038515551,A5044648868,1
A5034144507,A5044648868,1
A5057443007,A5121054963,1
A5073654003,A5140199232,1
A5068273355,A5140199232,1
A5068273355,A5073654003,1
A5042124823,A5062293457,1
A5035354513,A5062293457,1
A5038318396,A5055907928,1
A5038318396,A5052288164,1
A5015529806,A5038318396,1
A5012668377,A5038318396,1
A5078715828,A5109475864,1
A5017630451,A5109475864,1
A5140577300,A5140616012,1
A5140668382,A5140677725,1
A5140600311,A5140677725,1
A5140600311,A5140668382,1
A5140599782,A5140709300,1
A5140573524,A5140709300,1
A5140573524,A5140599782,1
A5017474560,A5048694353,1
A5140386973,A5140451827,1
A5112180982,A5140451827,1
A5112180982,A5140386973,1
A5084422415,A5140451827,1
A5084422415,A5140386973,1
A5084422415,A5112180982,1
A5029418432,A5140451827,1
A5029418432,A5140386973,1
A5141146764,A5141159236,1
A5121000836,A5141159236,1
A5121000836,A5141146764,1
A5122525640,A5141077553,1
A5141099385,A5141101200,1
A5048893961,A5141101200,1
A5048893961,A5141099385,1
A5004740474,A5102927308,1
A5006018293,A5120902579,1
A5004740474,A5120902579,1
A5119497889,A5141009588,1
A5088473882,A5141009588,1
A5009465064,A5141009588,1
A5140765933,A5140832754,1
A5140616012,A5140683745,1
A5140577300,A5140683745,1
A5144021061,A5144050849,1
A5049363465,A5144050849,1
A5049363465,A5144021061,1
A5011705533,A5144050849,1
A5011705533,A5144021061,1
A5007651617,A5028972310,1
A5143714803,A5143736509,1
A5071692542,A5143736509,1
A5071692542,A5143714803,1
A5004009482,A5143736509,1
A5004009482,A5143714803,1
A5062245218,A5068273355,1
A5062245218,A5063935440,1
A5056098080,A5143585746,1
A5122837337,A5143555071,1
A5010753547,A5024794044,1
A5052288164,A5084259985,1
A5017902432,A5062293457,1
A5077156163,A5089198938,1
A5021432908,A5077156163,1
A5010116918,A5089198938,1
A5010116918,A5021432908,1
A5109543313,A5112751195,1
A5063233327,A5112751195,1
A5063233327,A5109543313,1
A5025906348,A5112751195,1
A5144111408,A5144146737,1
A5144111408,A5144137681,1
A5008928645,A5144177616,1
A5008928645,A5144146737,1
A5008928645,A5144137681,1
A5008928645,A5144111408,1
A5055250831,A5136714184,1
A5072001735,A5147371294,1
A5089497182,A5147040641,1
A5040528731,A5147040641,1
A5040528731,A5089497182,1
A5068837175,A5146209184,1
A5045059799,A5146209184,1
A5045059799,A5068837175,1
A5038515945,A5093557178,1
A5038515945,A5071692542,1
A5004009482,A5038515945,1
A5144534636,A5144754275,1
A5075838105,A5144754275,1
A5075838105,A5144534636,1
A5023245057,A5144754275,1
A5023245057,A5144534636,1
A5000327326,A5026069948,1
A5044747777,A5054254526,1
A5050364078,A5064784121,1
A5056751208,A5085295667,1
A5000337454,A5085295667,1
A5000337454,A5083299566,1
A5000337454,A5056751208,1
A5072001735,A5094260459,1
A5020240131,A5147371294,1
A5020240131,A5094260459,1
A5020240131,A5072001735,1
A5079761664,A5147144890,1
A5070519396,A5147144890,1
A5025378270,A5147144890,1
A5093995975,A5138678142,1
A5026933239,A5138678142,1
